PapersAuthorsID,PaperID,AuthorID,old_first_name,old_last_name,new_author_id
13,12,9,Michael C.,Fairhurst,0c8cd36a-8f68-58a5-be01-a224443372a4
14,12,1,Constantine,Stephanidis,58ab64cb-4629-5b8d-98fe-bc4802df2130
15,13,9,Michael C.,Fairhurst,0c8cd36a-8f68-58a5-be01-a224443372a4
16,13,10,M.,Bonaventura,b9d8de65-74c7-5b02-ae91-9d2366daed05
17,13,1,Constantine,Stephanidis,58ab64cb-4629-5b8d-98fe-bc4802df2130
18,14,9,Michael C.,Fairhurst,0c8cd36a-8f68-58a5-be01-a224443372a4
19,14,1,Constantine,Stephanidis,58ab64cb-4629-5b8d-98fe-bc4802df2130
22,16,8,Nikos,Vernardakis,2e2038a7-d2b8-53c6-814a-0127cf2a9c4e
23,16,1,Constantine,Stephanidis,58ab64cb-4629-5b8d-98fe-bc4802df2130
24,16,2,Demosthenes,Akoumianakis,f6068d1e-3e51-5540-8a43-b62a3b23fc45
25,17,1,Constantine,Stephanidis,58ab64cb-4629-5b8d-98fe-bc4802df2130
26,17,8,Nikos,Vernardakis,2e2038a7-d2b8-53c6-814a-0127cf2a9c4e
27,17,2,Demosthenes,Akoumianakis,f6068d1e-3e51-5540-8a43-b62a3b23fc45
30,19,8,Nikos,Vernardakis,2e2038a7-d2b8-53c6-814a-0127cf2a9c4e
31,19,1,Constantine,Stephanidis,58ab64cb-4629-5b8d-98fe-bc4802df2130
32,19,2,Demosthenes,Akoumianakis,f6068d1e-3e51-5540-8a43-b62a3b23fc45
35,21,8,Nikos,Vernardakis,2e2038a7-d2b8-53c6-814a-0127cf2a9c4e
36,21,2,Demosthenes,Akoumianakis,f6068d1e-3e51-5540-8a43-b62a3b23fc45
37,22,1,Constantine,Stephanidis,58ab64cb-4629-5b8d-98fe-bc4802df2130
38,22,2,Demosthenes,Akoumianakis,f6068d1e-3e51-5540-8a43-b62a3b23fc45
48,27,1,Constantine,Stephanidis,58ab64cb-4629-5b8d-98fe-bc4802df2130
49,27,3,Anthony,Savidis,1ae1ee28-7d5e-53af-b226-78cdc6526427
50,27,11,Gregory,Homatas,6548dfe6-6f2d-53c1-8746-0eff646256cd
51,27,12,Natassa,Spyridou,a875dbf2-903e-5d05-ba77-1a3abfe3603d
52,27,5,Michael,Sfyrakis,ca475e93-f502-5980-96a9-31e882116d7f
53,27,13,Gerhard,Weber,3ae912ed-641c-5e18-ae79-dce4342d5017
57,29,14,Frank,Deconinck,13feef5d-5578-5744-9b74-7579ce0dc590
58,29,1,Constantine,Stephanidis,58ab64cb-4629-5b8d-98fe-bc4802df2130
59,29,13,Gerhard,Weber,3ae912ed-641c-5e18-ae79-dce4342d5017
60,30,13,Gerhard,Weber,3ae912ed-641c-5e18-ae79-dce4342d5017
61,30,15,D.,Kochanek,8663e22b-b8eb-5721-9d92-f1c456ed3563
62,30,1,Constantine,Stephanidis,58ab64cb-4629-5b8d-98fe-bc4802df2130
63,30,11,Gregory,Homatas,6548dfe6-6f2d-53c1-8746-0eff646256cd
64,31,1,Constantine,Stephanidis,58ab64cb-4629-5b8d-98fe-bc4802df2130
65,31,2,Demosthenes,Akoumianakis,f6068d1e-3e51-5540-8a43-b62a3b23fc45
66,31,8,Nikos,Vernardakis,2e2038a7-d2b8-53c6-814a-0127cf2a9c4e
67,31,9,Michael C.,Fairhurst,0c8cd36a-8f68-58a5-be01-a224443372a4
68,31,16,Claire,Lidaki,91a58991-c8ff-5947-8765-af361a0cf516
69,31,17,Lena,Marinaki,299d06c4-9e7b-5bb2-b7e3-03413628602e
70,31,18,Maria,Papadopoulou,a22bfda6-fcd7-5fd6-ad6d-48ab2e055edd
71,32,1,Constantine,Stephanidis,58ab64cb-4629-5b8d-98fe-bc4802df2130
72,32,11,Gregory,Homatas,6548dfe6-6f2d-53c1-8746-0eff646256cd
73,32,19,Adamantios,Koumpis,bce4d877-4006-5ad7-82a1-af9550fd01be
74,32,5,Michael,Sfyrakis,ca475e93-f502-5980-96a9-31e882116d7f
75,32,20,Panayiotis,Galatis,f5ef7092-9534-5b60-b6d2-8b51cb1fe9b4
76,32,21,George,Vareltzis,595c6891-e8d7-5855-b255-f32afe25df44
78,33,22,M.,Soede,a4802ab6-e9f4-5c61-b292-0a50c31bd344
79,33,23,P.A.M.E.,Crombag-Roben,25187a77-6ffe-5f2f-ad18-b0edc610b4f1
80,33,24,H.,Knops,f73618dd-e0a1-58bf-9c7d-e841a3ac6753
81,33,2,Demosthenes,Akoumianakis,f6068d1e-3e51-5540-8a43-b62a3b23fc45
82,33,1,Constantine,Stephanidis,58ab64cb-4629-5b8d-98fe-bc4802df2130
83,34,1,Constantine,Stephanidis,58ab64cb-4629-5b8d-98fe-bc4802df2130
84,34,25,P.L.,Emiliani,316d020d-907b-5d2d-b861-7530f249d704
85,34,2,Demosthenes,Akoumianakis,f6068d1e-3e51-5540-8a43-b62a3b23fc45
86,35,8,Nikos,Vernardakis,2e2038a7-d2b8-53c6-814a-0127cf2a9c4e
87,35,1,Constantine,Stephanidis,58ab64cb-4629-5b8d-98fe-bc4802df2130
88,35,2,Demosthenes,Akoumianakis,f6068d1e-3e51-5540-8a43-b62a3b23fc45
89,36,8,Nikos,Vernardakis,2e2038a7-d2b8-53c6-814a-0127cf2a9c4e
90,36,1,Constantine,Stephanidis,58ab64cb-4629-5b8d-98fe-bc4802df2130
91,36,2,Demosthenes,Akoumianakis,f6068d1e-3e51-5540-8a43-b62a3b23fc45
92,37,1,Constantine,Stephanidis,58ab64cb-4629-5b8d-98fe-bc4802df2130
93,37,3,Anthony,Savidis,1ae1ee28-7d5e-53af-b226-78cdc6526427
94,37,2,Demosthenes,Akoumianakis,f6068d1e-3e51-5540-8a43-b62a3b23fc45
95,38,3,Anthony,Savidis,1ae1ee28-7d5e-53af-b226-78cdc6526427
96,38,1,Constantine,Stephanidis,58ab64cb-4629-5b8d-98fe-bc4802df2130
97,39,3,Anthony,Savidis,1ae1ee28-7d5e-53af-b226-78cdc6526427
98,39,1,Constantine,Stephanidis,58ab64cb-4629-5b8d-98fe-bc4802df2130
99,40,1,Constantine,Stephanidis,58ab64cb-4629-5b8d-98fe-bc4802df2130
100,40,20,Panayiotis,Galatis,f5ef7092-9534-5b60-b6d2-8b51cb1fe9b4
101,40,5,Michael,Sfyrakis,ca475e93-f502-5980-96a9-31e882116d7f
102,40,19,Adamantios,Koumpis,bce4d877-4006-5ad7-82a1-af9550fd01be
103,41,1,Constantine,Stephanidis,58ab64cb-4629-5b8d-98fe-bc4802df2130
104,41,26,Ritsa,Gogoulou,a62ceac7-5bbd-52db-a885-8a32644a62ad
105,42,2,Demosthenes,Akoumianakis,f6068d1e-3e51-5540-8a43-b62a3b23fc45
106,42,1,Constantine,Stephanidis,58ab64cb-4629-5b8d-98fe-bc4802df2130
107,43,3,Anthony,Savidis,1ae1ee28-7d5e-53af-b226-78cdc6526427
108,43,1,Constantine,Stephanidis,58ab64cb-4629-5b8d-98fe-bc4802df2130
109,44,11,Gregory,Homatas,6548dfe6-6f2d-53c1-8746-0eff646256cd
110,44,1,Constantine,Stephanidis,58ab64cb-4629-5b8d-98fe-bc4802df2130
111,45,1,Constantine,Stephanidis,58ab64cb-4629-5b8d-98fe-bc4802df2130
112,45,27,Yannis,Mitsopoulos,830f331a-ccc7-5c89-8d93-514e0c1178bd
113,46,1,Constantine,Stephanidis,58ab64cb-4629-5b8d-98fe-bc4802df2130
114,46,26,Ritsa,Gogoulou,a62ceac7-5bbd-52db-a885-8a32644a62ad
115,47,2,Demosthenes,Akoumianakis,f6068d1e-3e51-5540-8a43-b62a3b23fc45
116,47,1,Constantine,Stephanidis,58ab64cb-4629-5b8d-98fe-bc4802df2130
117,48,3,Anthony,Savidis,1ae1ee28-7d5e-53af-b226-78cdc6526427
118,48,1,Constantine,Stephanidis,58ab64cb-4629-5b8d-98fe-bc4802df2130
119,49,1,Constantine,Stephanidis,58ab64cb-4629-5b8d-98fe-bc4802df2130
120,49,2,Demosthenes,Akoumianakis,f6068d1e-3e51-5540-8a43-b62a3b23fc45
121,49,28,Demetrios,Grammenos,470abcd5-f78c-52e7-97ec-5abb62bbf9e0
122,50,1,Constantine,Stephanidis,58ab64cb-4629-5b8d-98fe-bc4802df2130
123,50,4,Charalampos,Karagiannidis,9b45f6cb-4e59-55bc-aab7-0675cbeca2f5
124,50,19,Adamantios,Koumpis,bce4d877-4006-5ad7-82a1-af9550fd01be
125,51,1,Constantine,Stephanidis,58ab64cb-4629-5b8d-98fe-bc4802df2130
126,52,2,Demosthenes,Akoumianakis,f6068d1e-3e51-5540-8a43-b62a3b23fc45
127,52,1,Constantine,Stephanidis,58ab64cb-4629-5b8d-98fe-bc4802df2130
128,52,29,Helen,Petrie,2cff1a9e-7bc2-5192-9688-3c7f786d6aa8
129,52,31,S.,Morley,12f44eef-533e-58e6-9fd5-8d4f98044615
130,53,1,Constantine,Stephanidis,58ab64cb-4629-5b8d-98fe-bc4802df2130
131,53,5,Michael,Sfyrakis,ca475e93-f502-5980-96a9-31e882116d7f
132,53,20,Panayiotis,Galatis,f5ef7092-9534-5b60-b6d2-8b51cb1fe9b4
133,53,19,Adamantios,Koumpis,bce4d877-4006-5ad7-82a1-af9550fd01be
134,53,27,Yannis,Mitsopoulos,830f331a-ccc7-5c89-8d93-514e0c1178bd
135,53,32,Athena,Stergiou,b37cff04-5fd7-5dd8-9478-f1fc24be9191
136,54,8,Nikos,Vernardakis,2e2038a7-d2b8-53c6-814a-0127cf2a9c4e
137,54,1,Constantine,Stephanidis,58ab64cb-4629-5b8d-98fe-bc4802df2130
138,55,1,Constantine,Stephanidis,58ab64cb-4629-5b8d-98fe-bc4802df2130
139,55,33,Alexis,Paramythis,596d4cdd-5433-5b20-86eb-72f539bc3673
140,55,28,Demetrios,Grammenos,470abcd5-f78c-52e7-97ec-5abb62bbf9e0
141,56,1,Constantine,Stephanidis,58ab64cb-4629-5b8d-98fe-bc4802df2130
142,56,4,Charalampos,Karagiannidis,9b45f6cb-4e59-55bc-aab7-0675cbeca2f5
143,56,19,Adamantios,Koumpis,bce4d877-4006-5ad7-82a1-af9550fd01be
144,57,1,Constantine,Stephanidis,58ab64cb-4629-5b8d-98fe-bc4802df2130
145,57,27,Yannis,Mitsopoulos,830f331a-ccc7-5c89-8d93-514e0c1178bd
146,57,32,Athena,Stergiou,b37cff04-5fd7-5dd8-9478-f1fc24be9191
147,57,19,Adamantios,Koumpis,bce4d877-4006-5ad7-82a1-af9550fd01be
148,58,2,Demosthenes,Akoumianakis,f6068d1e-3e51-5540-8a43-b62a3b23fc45
149,58,3,Anthony,Savidis,1ae1ee28-7d5e-53af-b226-78cdc6526427
150,58,1,Constantine,Stephanidis,58ab64cb-4629-5b8d-98fe-bc4802df2130
151,59,19,Adamantios,Koumpis,bce4d877-4006-5ad7-82a1-af9550fd01be
152,59,4,Charalampos,Karagiannidis,9b45f6cb-4e59-55bc-aab7-0675cbeca2f5
153,59,1,Constantine,Stephanidis,58ab64cb-4629-5b8d-98fe-bc4802df2130
154,60,1,Constantine,Stephanidis,58ab64cb-4629-5b8d-98fe-bc4802df2130
155,60,4,Charalampos,Karagiannidis,9b45f6cb-4e59-55bc-aab7-0675cbeca2f5
156,60,19,Adamantios,Koumpis,bce4d877-4006-5ad7-82a1-af9550fd01be
157,61,1,Constantine,Stephanidis,58ab64cb-4629-5b8d-98fe-bc4802df2130
158,61,2,Demosthenes,Akoumianakis,f6068d1e-3e51-5540-8a43-b62a3b23fc45
162,63,2,Demosthenes,Akoumianakis,f6068d1e-3e51-5540-8a43-b62a3b23fc45
163,63,3,Anthony,Savidis,1ae1ee28-7d5e-53af-b226-78cdc6526427
164,63,1,Constantine,Stephanidis,58ab64cb-4629-5b8d-98fe-bc4802df2130
165,64,1,Constantine,Stephanidis,58ab64cb-4629-5b8d-98fe-bc4802df2130
166,64,2,Demosthenes,Akoumianakis,f6068d1e-3e51-5540-8a43-b62a3b23fc45
167,65,9,Michael C.,Fairhurst,0c8cd36a-8f68-58a5-be01-a224443372a4
168,65,1,Constantine,Stephanidis,58ab64cb-4629-5b8d-98fe-bc4802df2130
169,66,9,Michael C.,Fairhurst,0c8cd36a-8f68-58a5-be01-a224443372a4
170,66,1,Constantine,Stephanidis,58ab64cb-4629-5b8d-98fe-bc4802df2130
171,67,9,Michael C.,Fairhurst,0c8cd36a-8f68-58a5-be01-a224443372a4
172,67,1,Constantine,Stephanidis,58ab64cb-4629-5b8d-98fe-bc4802df2130
173,68,9,Michael C.,Fairhurst,0c8cd36a-8f68-58a5-be01-a224443372a4
174,68,1,Constantine,Stephanidis,58ab64cb-4629-5b8d-98fe-bc4802df2130
175,69,1,Constantine,Stephanidis,58ab64cb-4629-5b8d-98fe-bc4802df2130
176,69,3,Anthony,Savidis,1ae1ee28-7d5e-53af-b226-78cdc6526427
177,69,34,Nikos,Karidis,9be9c6a1-c4a1-5679-8684-c82b37d8d138
178,69,35,Z.,Katsaitis,4200f8dd-4390-5cf6-bd9a-290490723721
179,69,9,Michael C.,Fairhurst,0c8cd36a-8f68-58a5-be01-a224443372a4
180,69,36,M. Q.,Hasan,1ebbd000-cb3c-516f-877f-d736ac20d284
181,70,1,Constantine,Stephanidis,58ab64cb-4629-5b8d-98fe-bc4802df2130
182,70,3,Anthony,Savidis,1ae1ee28-7d5e-53af-b226-78cdc6526427
186,71,1,Constantine,Stephanidis,58ab64cb-4629-5b8d-98fe-bc4802df2130
187,71,37,Yannis,Kasmeridis,311927c7-daff-5dca-b3dc-7c3f549ce521
188,71,3,Anthony,Savidis,1ae1ee28-7d5e-53af-b226-78cdc6526427
189,71,38,Christos,Dagiakidis,b5549729-7597-50c6-b0cb-706f4da879d9
190,71,39,Danae,Ioannidi,0db48d36-5ff8-5082-93f6-ec261738f04a
191,,1,Constantine,Stephanidis,58ab64cb-4629-5b8d-98fe-bc4802df2130
192,72,20,Panayiotis,Galatis,f5ef7092-9534-5b60-b6d2-8b51cb1fe9b4
193,72,37,Yannis,Kasmeridis,311927c7-daff-5dca-b3dc-7c3f549ce521
194,73,1,Constantine,Stephanidis,58ab64cb-4629-5b8d-98fe-bc4802df2130
195,74,13,Gerhard,Weber,3ae912ed-641c-5e18-ae79-dce4342d5017
196,74,15,D.,Kochanek,8663e22b-b8eb-5721-9d92-f1c456ed3563
197,74,1,Constantine,Stephanidis,58ab64cb-4629-5b8d-98fe-bc4802df2130
198,74,11,Gregory,Homatas,6548dfe6-6f2d-53c1-8746-0eff646256cd
199,74,3,Anthony,Savidis,1ae1ee28-7d5e-53af-b226-78cdc6526427
200,74,26,Ritsa,Gogoulou,a62ceac7-5bbd-52db-a885-8a32644a62ad
201,75,1,Constantine,Stephanidis,58ab64cb-4629-5b8d-98fe-bc4802df2130
202,75,21,George,Vareltzis,595c6891-e8d7-5855-b255-f32afe25df44
203,75,20,Panayiotis,Galatis,f5ef7092-9534-5b60-b6d2-8b51cb1fe9b4
204,75,25,P.L.,Emiliani,316d020d-907b-5d2d-b861-7530f249d704
205,76,2,Demosthenes,Akoumianakis,f6068d1e-3e51-5540-8a43-b62a3b23fc45
206,76,40,Γιώργος,Μαλαθράκης,4095db28-e969-5f41-8521-7b4f805cc078
207,76,39,Danae,Ioannidi,0db48d36-5ff8-5082-93f6-ec261738f04a
208,76,16,Claire,Lidaki,91a58991-c8ff-5947-8765-af361a0cf516
209,76,41,Στάθης,Τριανταφύλλου,9ee574da-a007-5b6b-b506-8289c72f0944
210,76,1,Constantine,Stephanidis,58ab64cb-4629-5b8d-98fe-bc4802df2130
211,77,1,Constantine,Stephanidis,58ab64cb-4629-5b8d-98fe-bc4802df2130
212,77,3,Anthony,Savidis,1ae1ee28-7d5e-53af-b226-78cdc6526427
213,77,7,Margherita,Antona,583922dc-cbd2-50e0-ba2d-488830df4218
214,78,1,Constantine,Stephanidis,58ab64cb-4629-5b8d-98fe-bc4802df2130
215,78,2,Demosthenes,Akoumianakis,f6068d1e-3e51-5540-8a43-b62a3b23fc45
216,79,4,Charalampos,Karagiannidis,9b45f6cb-4e59-55bc-aab7-0675cbeca2f5
217,79,19,Adamantios,Koumpis,bce4d877-4006-5ad7-82a1-af9550fd01be
218,79,1,Constantine,Stephanidis,58ab64cb-4629-5b8d-98fe-bc4802df2130
219,80,4,Charalampos,Karagiannidis,9b45f6cb-4e59-55bc-aab7-0675cbeca2f5
220,80,19,Adamantios,Koumpis,bce4d877-4006-5ad7-82a1-af9550fd01be
221,80,1,Constantine,Stephanidis,58ab64cb-4629-5b8d-98fe-bc4802df2130
222,82,1,Constantine,Stephanidis,58ab64cb-4629-5b8d-98fe-bc4802df2130
223,82,2,Demosthenes,Akoumianakis,f6068d1e-3e51-5540-8a43-b62a3b23fc45
224,82,3,Anthony,Savidis,1ae1ee28-7d5e-53af-b226-78cdc6526427
225,83,4,Charalampos,Karagiannidis,9b45f6cb-4e59-55bc-aab7-0675cbeca2f5
226,83,19,Adamantios,Koumpis,bce4d877-4006-5ad7-82a1-af9550fd01be
227,83,1,Constantine,Stephanidis,58ab64cb-4629-5b8d-98fe-bc4802df2130
228,84,1,Constantine,Stephanidis,58ab64cb-4629-5b8d-98fe-bc4802df2130
229,84,42,S.,Orphanoudakis,3afb257b-3de3-50d0-ae92-25a5af1074a7
230,84,43,P.,Kofakis,efb19ec7-c08f-5d3c-a8eb-8f1cbbf653b2
231,84,44,E.,Petrakis,24d156d6-b52f-5173-9da9-5683f0682f5e
232,81,1,Constantine,Stephanidis,58ab64cb-4629-5b8d-98fe-bc4802df2130
233,81,11,Gregory,Homatas,6548dfe6-6f2d-53c1-8746-0eff646256cd
234,85,1,Constantine,Stephanidis,58ab64cb-4629-5b8d-98fe-bc4802df2130
235,85,12,Natassa,Spyridou,a875dbf2-903e-5d05-ba77-1a3abfe3603d
236,85,5,Michael,Sfyrakis,ca475e93-f502-5980-96a9-31e882116d7f
237,86,1,Constantine,Stephanidis,58ab64cb-4629-5b8d-98fe-bc4802df2130
238,86,3,Anthony,Savidis,1ae1ee28-7d5e-53af-b226-78cdc6526427
239,86,13,Gerhard,Weber,3ae912ed-641c-5e18-ae79-dce4342d5017
240,87,1,Constantine,Stephanidis,58ab64cb-4629-5b8d-98fe-bc4802df2130
241,88,25,P.L.,Emiliani,316d020d-907b-5d2d-b861-7530f249d704
242,88,1,Constantine,Stephanidis,58ab64cb-4629-5b8d-98fe-bc4802df2130
243,89,1,Constantine,Stephanidis,58ab64cb-4629-5b8d-98fe-bc4802df2130
244,89,3,Anthony,Savidis,1ae1ee28-7d5e-53af-b226-78cdc6526427
245,89,11,Gregory,Homatas,6548dfe6-6f2d-53c1-8746-0eff646256cd
246,90,1,Constantine,Stephanidis,58ab64cb-4629-5b8d-98fe-bc4802df2130
247,90,21,George,Vareltzis,595c6891-e8d7-5855-b255-f32afe25df44
248,90,12,Natassa,Spyridou,a875dbf2-903e-5d05-ba77-1a3abfe3603d
249,90,20,Panayiotis,Galatis,f5ef7092-9534-5b60-b6d2-8b51cb1fe9b4
250,90,37,Yannis,Kasmeridis,311927c7-daff-5dca-b3dc-7c3f549ce521
251,91,1,Constantine,Stephanidis,58ab64cb-4629-5b8d-98fe-bc4802df2130
252,92,1,Constantine,Stephanidis,58ab64cb-4629-5b8d-98fe-bc4802df2130
253,92,45,G.,Kouroupetroglou,4e085092-9ac6-59cc-bed1-800917dc109a
254,93,1,Constantine,Stephanidis,58ab64cb-4629-5b8d-98fe-bc4802df2130
255,93,3,Anthony,Savidis,1ae1ee28-7d5e-53af-b226-78cdc6526427
256,94,1,Constantine,Stephanidis,58ab64cb-4629-5b8d-98fe-bc4802df2130
257,95,3,Anthony,Savidis,1ae1ee28-7d5e-53af-b226-78cdc6526427
258,95,1,Constantine,Stephanidis,58ab64cb-4629-5b8d-98fe-bc4802df2130
261,97,1,Constantine,Stephanidis,58ab64cb-4629-5b8d-98fe-bc4802df2130
262,97,2,Demosthenes,Akoumianakis,f6068d1e-3e51-5540-8a43-b62a3b23fc45
263,97,8,Nikos,Vernardakis,2e2038a7-d2b8-53c6-814a-0127cf2a9c4e
264,98,8,Nikos,Vernardakis,2e2038a7-d2b8-53c6-814a-0127cf2a9c4e
265,98,1,Constantine,Stephanidis,58ab64cb-4629-5b8d-98fe-bc4802df2130
266,98,2,Demosthenes,Akoumianakis,f6068d1e-3e51-5540-8a43-b62a3b23fc45
267,99,8,Nikos,Vernardakis,2e2038a7-d2b8-53c6-814a-0127cf2a9c4e
268,99,1,Constantine,Stephanidis,58ab64cb-4629-5b8d-98fe-bc4802df2130
269,99,2,Demosthenes,Akoumianakis,f6068d1e-3e51-5540-8a43-b62a3b23fc45
270,100,8,Nikos,Vernardakis,2e2038a7-d2b8-53c6-814a-0127cf2a9c4e
271,100,1,Constantine,Stephanidis,58ab64cb-4629-5b8d-98fe-bc4802df2130
272,100,2,Demosthenes,Akoumianakis,f6068d1e-3e51-5540-8a43-b62a3b23fc45
273,101,1,Constantine,Stephanidis,58ab64cb-4629-5b8d-98fe-bc4802df2130
274,101,8,Nikos,Vernardakis,2e2038a7-d2b8-53c6-814a-0127cf2a9c4e
275,101,2,Demosthenes,Akoumianakis,f6068d1e-3e51-5540-8a43-b62a3b23fc45
276,102,1,Constantine,Stephanidis,58ab64cb-4629-5b8d-98fe-bc4802df2130
277,102,8,Nikos,Vernardakis,2e2038a7-d2b8-53c6-814a-0127cf2a9c4e
278,102,2,Demosthenes,Akoumianakis,f6068d1e-3e51-5540-8a43-b62a3b23fc45
279,103,1,Constantine,Stephanidis,58ab64cb-4629-5b8d-98fe-bc4802df2130
280,103,8,Nikos,Vernardakis,2e2038a7-d2b8-53c6-814a-0127cf2a9c4e
281,103,2,Demosthenes,Akoumianakis,f6068d1e-3e51-5540-8a43-b62a3b23fc45
282,104,1,Constantine,Stephanidis,58ab64cb-4629-5b8d-98fe-bc4802df2130
283,104,8,Nikos,Vernardakis,2e2038a7-d2b8-53c6-814a-0127cf2a9c4e
284,104,2,Demosthenes,Akoumianakis,f6068d1e-3e51-5540-8a43-b62a3b23fc45
285,105,1,Constantine,Stephanidis,58ab64cb-4629-5b8d-98fe-bc4802df2130
286,105,20,Panayiotis,Galatis,f5ef7092-9534-5b60-b6d2-8b51cb1fe9b4
287,105,5,Michael,Sfyrakis,ca475e93-f502-5980-96a9-31e882116d7f
288,106,11,Gregory,Homatas,6548dfe6-6f2d-53c1-8746-0eff646256cd
289,106,1,Constantine,Stephanidis,58ab64cb-4629-5b8d-98fe-bc4802df2130
290,107,1,Constantine,Stephanidis,58ab64cb-4629-5b8d-98fe-bc4802df2130
291,107,7,Margherita,Antona,583922dc-cbd2-50e0-ba2d-488830df4218
312,114,1,Constantine,Stephanidis,58ab64cb-4629-5b8d-98fe-bc4802df2130
313,115,1,Constantine,Stephanidis,58ab64cb-4629-5b8d-98fe-bc4802df2130
314,116,1,Constantine,Stephanidis,58ab64cb-4629-5b8d-98fe-bc4802df2130
315,116,3,Anthony,Savidis,1ae1ee28-7d5e-53af-b226-78cdc6526427
316,116,5,Michael,Sfyrakis,ca475e93-f502-5980-96a9-31e882116d7f
317,117,1,Constantine,Stephanidis,58ab64cb-4629-5b8d-98fe-bc4802df2130
318,117,37,Yannis,Kasmeridis,311927c7-daff-5dca-b3dc-7c3f549ce521
319,118,1,Constantine,Stephanidis,58ab64cb-4629-5b8d-98fe-bc4802df2130
320,118,5,Michael,Sfyrakis,ca475e93-f502-5980-96a9-31e882116d7f
321,119,1,Constantine,Stephanidis,58ab64cb-4629-5b8d-98fe-bc4802df2130
322,120,1,Constantine,Stephanidis,58ab64cb-4629-5b8d-98fe-bc4802df2130
324,120,11,Gregory,Homatas,6548dfe6-6f2d-53c1-8746-0eff646256cd
325,120,12,Natassa,Spyridou,a875dbf2-903e-5d05-ba77-1a3abfe3603d
326,120,5,Michael,Sfyrakis,ca475e93-f502-5980-96a9-31e882116d7f
327,120,13,Gerhard,Weber,3ae912ed-641c-5e18-ae79-dce4342d5017
328,121,1,Constantine,Stephanidis,58ab64cb-4629-5b8d-98fe-bc4802df2130
333,122,1,Constantine,Stephanidis,58ab64cb-4629-5b8d-98fe-bc4802df2130
334,122,51,K.,Fellbaum,c63e66a6-536f-5c88-ae39-f684f4e43c22
335,122,52,G.,Klause,781ae36e-6d42-5aaf-b734-d58e6258e12f
336,122,53,M.,Whybray,021a761f-f652-5e2a-9f9c-26b090c04bda
337,123,1,Constantine,Stephanidis,58ab64cb-4629-5b8d-98fe-bc4802df2130
338,123,54,J.,Ekberg,8ffa94f1-3aee-5b69-9c01-0972ae6428d8
339,123,55,K.,Nordby,54778661-f172-565e-85e0-0973bf35cc95
340,124,25,P.L.,Emiliani,316d020d-907b-5d2d-b861-7530f249d704
341,124,1,Constantine,Stephanidis,58ab64cb-4629-5b8d-98fe-bc4802df2130
342,124,48,J.,Lindstrom,86d00991-35f5-5132-b9d9-0bcd4e71845c
343,124,56,G.,Jansson,0b8c525d-f713-5733-9216-10ca93926aff
344,124,57,H.,Hamailainen,801246f6-5e54-585e-a0f7-4a241e488889
345,124,58,C.R.,Cavonius,c57d8ea7-4b44-5241-8772-62caa3b46022
346,124,59,J.,Engelen,0c1d7d0d-f252-5277-a8f3-8878f9cae3e1
347,124,54,J.,Ekberg,8ffa94f1-3aee-5b69-9c01-0972ae6428d8
348,125,60,B.,Allen,c9121b41-a0a7-524a-9d56-19bc2e85fe46
349,125,61,Ramon Puig,de la Bellacasa,125ced7d-6c20-5ce1-9917-212bcd5932ca
350,125,54,J.,Ekberg,8ffa94f1-3aee-5b69-9c01-0972ae6428d8
351,125,25,P.L.,Emiliani,316d020d-907b-5d2d-b861-7530f249d704
352,125,51,K.,Fellbaum,c63e66a6-536f-5c88-ae39-f684f4e43c22
353,125,48,J.,Lindstrom,86d00991-35f5-5132-b9d9-0bcd4e71845c
354,125,1,Constantine,Stephanidis,58ab64cb-4629-5b8d-98fe-bc4802df2130
355,125,62,A.S.,Pereira,136e340a-4c45-55e9-a09e-d6c0541c2d8c
356,125,63,Stephen,von Tetzhner,c106a6e7-05fa-53c1-8bac-9d9d86261c33
357,125,53,M.,Whybray,021a761f-f652-5e2a-9f9c-26b090c04bda
358,126,1,Constantine,Stephanidis,58ab64cb-4629-5b8d-98fe-bc4802df2130
359,126,5,Michael,Sfyrakis,ca475e93-f502-5980-96a9-31e882116d7f
360,127,64,Marco,Mercinelli,f2142956-41d9-5821-9c29-501c3035dcb0
361,127,25,P.L.,Emiliani,316d020d-907b-5d2d-b861-7530f249d704
362,127,1,Constantine,Stephanidis,58ab64cb-4629-5b8d-98fe-bc4802df2130
363,127,65,Gunnar,Hellstroem,5ecc833e-0d61-5319-96a8-05b35e44c9c4
364,128,25,P.L.,Emiliani,316d020d-907b-5d2d-b861-7530f249d704
365,128,64,Marco,Mercinelli,f2142956-41d9-5821-9c29-501c3035dcb0
366,128,1,Constantine,Stephanidis,58ab64cb-4629-5b8d-98fe-bc4802df2130
367,128,65,Gunnar,Hellstroem,5ecc833e-0d61-5319-96a8-05b35e44c9c4
368,129,25,P.L.,Emiliani,316d020d-907b-5d2d-b861-7530f249d704
369,129,1,Constantine,Stephanidis,58ab64cb-4629-5b8d-98fe-bc4802df2130
370,130,1,Constantine,Stephanidis,58ab64cb-4629-5b8d-98fe-bc4802df2130
371,130,66,A.,Spaepen,6f17389b-b2f9-573f-aab4-241ee73f648c
372,131,9,Michael C.,Fairhurst,0c8cd36a-8f68-58a5-be01-a224443372a4
373,131,1,Constantine,Stephanidis,58ab64cb-4629-5b8d-98fe-bc4802df2130
374,132,9,Michael C.,Fairhurst,0c8cd36a-8f68-58a5-be01-a224443372a4
375,132,1,Constantine,Stephanidis,58ab64cb-4629-5b8d-98fe-bc4802df2130
376,133,1,Constantine,Stephanidis,58ab64cb-4629-5b8d-98fe-bc4802df2130
377,133,18,Maria,Papadopoulou,a22bfda6-fcd7-5fd6-ad6d-48ab2e055edd
378,134,1,Constantine,Stephanidis,58ab64cb-4629-5b8d-98fe-bc4802df2130
379,135,1,Constantine,Stephanidis,58ab64cb-4629-5b8d-98fe-bc4802df2130
380,135,18,Maria,Papadopoulou,a22bfda6-fcd7-5fd6-ad6d-48ab2e055edd
381,135,39,Danae,Ioannidi,0db48d36-5ff8-5082-93f6-ec261738f04a
382,136,1,Constantine,Stephanidis,58ab64cb-4629-5b8d-98fe-bc4802df2130
383,136,26,Ritsa,Gogoulou,a62ceac7-5bbd-52db-a885-8a32644a62ad
384,137,1,Constantine,Stephanidis,58ab64cb-4629-5b8d-98fe-bc4802df2130
385,138,1,Constantine,Stephanidis,58ab64cb-4629-5b8d-98fe-bc4802df2130
386,139,1,Constantine,Stephanidis,58ab64cb-4629-5b8d-98fe-bc4802df2130
387,140,1,Constantine,Stephanidis,58ab64cb-4629-5b8d-98fe-bc4802df2130
388,140,3,Anthony,Savidis,1ae1ee28-7d5e-53af-b226-78cdc6526427
389,141,1,Constantine,Stephanidis,58ab64cb-4629-5b8d-98fe-bc4802df2130
390,142,1,Constantine,Stephanidis,58ab64cb-4629-5b8d-98fe-bc4802df2130
391,143,1,Constantine,Stephanidis,58ab64cb-4629-5b8d-98fe-bc4802df2130
392,144,4,Charalampos,Karagiannidis,9b45f6cb-4e59-55bc-aab7-0675cbeca2f5
393,144,19,Adamantios,Koumpis,bce4d877-4006-5ad7-82a1-af9550fd01be
394,144,1,Constantine,Stephanidis,58ab64cb-4629-5b8d-98fe-bc4802df2130
395,144,67,A.,Georgiou,36f194dd-ad13-517f-875e-2164133c63a8
396,145,4,Charalampos,Karagiannidis,9b45f6cb-4e59-55bc-aab7-0675cbeca2f5
397,145,19,Adamantios,Koumpis,bce4d877-4006-5ad7-82a1-af9550fd01be
398,145,1,Constantine,Stephanidis,58ab64cb-4629-5b8d-98fe-bc4802df2130
399,146,1,Constantine,Stephanidis,58ab64cb-4629-5b8d-98fe-bc4802df2130
400,146,4,Charalampos,Karagiannidis,9b45f6cb-4e59-55bc-aab7-0675cbeca2f5
401,146,19,Adamantios,Koumpis,bce4d877-4006-5ad7-82a1-af9550fd01be
402,147,4,Charalampos,Karagiannidis,9b45f6cb-4e59-55bc-aab7-0675cbeca2f5
403,147,19,Adamantios,Koumpis,bce4d877-4006-5ad7-82a1-af9550fd01be
404,147,1,Constantine,Stephanidis,58ab64cb-4629-5b8d-98fe-bc4802df2130
405,147,67,A.,Georgiou,36f194dd-ad13-517f-875e-2164133c63a8
406,148,4,Charalampos,Karagiannidis,9b45f6cb-4e59-55bc-aab7-0675cbeca2f5
407,148,19,Adamantios,Koumpis,bce4d877-4006-5ad7-82a1-af9550fd01be
408,148,1,Constantine,Stephanidis,58ab64cb-4629-5b8d-98fe-bc4802df2130
409,149,1,Constantine,Stephanidis,58ab64cb-4629-5b8d-98fe-bc4802df2130
410,72,1,Constantine,Stephanidis,58ab64cb-4629-5b8d-98fe-bc4802df2130
411,153,4,Charalampos,Karagiannidis,9b45f6cb-4e59-55bc-aab7-0675cbeca2f5
412,153,19,Adamantios,Koumpis,bce4d877-4006-5ad7-82a1-af9550fd01be
413,153,1,Constantine,Stephanidis,58ab64cb-4629-5b8d-98fe-bc4802df2130
415,21,1,Constantine,Stephanidis,58ab64cb-4629-5b8d-98fe-bc4802df2130
418,152,2,Demosthenes,Akoumianakis,f6068d1e-3e51-5540-8a43-b62a3b23fc45
419,152,1,Constantine,Stephanidis,58ab64cb-4629-5b8d-98fe-bc4802df2130
420,150,2,Demosthenes,Akoumianakis,f6068d1e-3e51-5540-8a43-b62a3b23fc45
421,150,1,Constantine,Stephanidis,58ab64cb-4629-5b8d-98fe-bc4802df2130
422,155,1,Constantine,Stephanidis,58ab64cb-4629-5b8d-98fe-bc4802df2130
423,155,2,Demosthenes,Akoumianakis,f6068d1e-3e51-5540-8a43-b62a3b23fc45
424,54,2,Demosthenes,Akoumianakis,f6068d1e-3e51-5540-8a43-b62a3b23fc45
425,156,1,Constantine,Stephanidis,58ab64cb-4629-5b8d-98fe-bc4802df2130
426,156,7,Margherita,Antona,583922dc-cbd2-50e0-ba2d-488830df4218
445,163,3,Anthony,Savidis,1ae1ee28-7d5e-53af-b226-78cdc6526427
446,163,1,Constantine,Stephanidis,58ab64cb-4629-5b8d-98fe-bc4802df2130
447,164,1,Constantine,Stephanidis,58ab64cb-4629-5b8d-98fe-bc4802df2130
448,164,28,Demetrios,Grammenos,470abcd5-f78c-52e7-97ec-5abb62bbf9e0
449,164,41,Στάθης,Τριανταφύλλου,9ee574da-a007-5b6b-b506-8289c72f0944
450,164,7,Margherita,Antona,583922dc-cbd2-50e0-ba2d-488830df4218
451,164,2,Demosthenes,Akoumianakis,f6068d1e-3e51-5540-8a43-b62a3b23fc45
452,164,6,George,Paparoulis,8f3d7ed3-44db-5786-b30c-98ac89336589
453,165,1,Constantine,Stephanidis,58ab64cb-4629-5b8d-98fe-bc4802df2130
454,165,6,George,Paparoulis,8f3d7ed3-44db-5786-b30c-98ac89336589
455,165,72,E.,Lagoudaki,408b9b20-e30b-5cff-b7b0-36198d0200b8
456,165,71,N.,Psaroudakis,ae8c17c5-c16b-5b96-ad8b-7e83070cdaf5
457,165,41,Στάθης,Τριανταφύλλου,9ee574da-a007-5b6b-b506-8289c72f0944
458,165,39,Danae,Ioannidi,0db48d36-5ff8-5082-93f6-ec261738f04a
459,166,1,Constantine,Stephanidis,58ab64cb-4629-5b8d-98fe-bc4802df2130
460,166,33,Alexis,Paramythis,596d4cdd-5433-5b20-86eb-72f539bc3673
461,166,3,Anthony,Savidis,1ae1ee28-7d5e-53af-b226-78cdc6526427
462,166,5,Michael,Sfyrakis,ca475e93-f502-5980-96a9-31e882116d7f
463,166,32,Athena,Stergiou,b37cff04-5fd7-5dd8-9478-f1fc24be9191
464,166,69,Adam,Leventis,7fe27dbb-8775-5ba0-a4bd-15dc260a2c3d
465,166,70,Napoleon,Maou,5b799e33-d58b-5ef7-ba1a-17a2735fda9d
466,166,6,George,Paparoulis,8f3d7ed3-44db-5786-b30c-98ac89336589
467,166,4,Charalampos,Karagiannidis,9b45f6cb-4e59-55bc-aab7-0675cbeca2f5
468,167,1,Constantine,Stephanidis,58ab64cb-4629-5b8d-98fe-bc4802df2130
469,163,73,A.,Korte,b1670175-ba72-5af5-a5c6-17b3fe80885c
470,163,74,K.,Crispien,d93e8443-848c-5712-8caa-120790ee054b
471,163,51,K.,Fellbaum,c63e66a6-536f-5c88-ae39-f684f4e43c22
472,168,1,Constantine,Stephanidis,58ab64cb-4629-5b8d-98fe-bc4802df2130
475,170,1,Constantine,Stephanidis,58ab64cb-4629-5b8d-98fe-bc4802df2130
476,171,68,Panos,Trahanias,10c0a5d7-76e5-5ad5-ba08-4bc5929b8037
477,171,1,Constantine,Stephanidis,58ab64cb-4629-5b8d-98fe-bc4802df2130
478,171,42,S.,Orphanoudakis,3afb257b-3de3-50d0-ae92-25a5af1074a7
479,172,1,Constantine,Stephanidis,58ab64cb-4629-5b8d-98fe-bc4802df2130
480,173,3,Anthony,Savidis,1ae1ee28-7d5e-53af-b226-78cdc6526427
481,173,1,Constantine,Stephanidis,58ab64cb-4629-5b8d-98fe-bc4802df2130
482,173,2,Demosthenes,Akoumianakis,f6068d1e-3e51-5540-8a43-b62a3b23fc45
483,174,3,Anthony,Savidis,1ae1ee28-7d5e-53af-b226-78cdc6526427
484,174,33,Alexis,Paramythis,596d4cdd-5433-5b20-86eb-72f539bc3673
485,174,2,Demosthenes,Akoumianakis,f6068d1e-3e51-5540-8a43-b62a3b23fc45
486,174,1,Constantine,Stephanidis,58ab64cb-4629-5b8d-98fe-bc4802df2130
487,175,3,Anthony,Savidis,1ae1ee28-7d5e-53af-b226-78cdc6526427
488,175,1,Constantine,Stephanidis,58ab64cb-4629-5b8d-98fe-bc4802df2130
489,175,25,P.L.,Emiliani,316d020d-907b-5d2d-b861-7530f249d704
490,176,3,Anthony,Savidis,1ae1ee28-7d5e-53af-b226-78cdc6526427
491,176,1,Constantine,Stephanidis,58ab64cb-4629-5b8d-98fe-bc4802df2130
492,177,1,Constantine,Stephanidis,58ab64cb-4629-5b8d-98fe-bc4802df2130
493,177,2,Demosthenes,Akoumianakis,f6068d1e-3e51-5540-8a43-b62a3b23fc45
494,177,75,G.,Salvendy,6f10228e-f5dd-51a0-98e5-e69fd4451207
495,178,3,Anthony,Savidis,1ae1ee28-7d5e-53af-b226-78cdc6526427
496,178,76,G.,Vernardos,17b2cdf4-7268-5e3b-93a4-88ec54ad814a
497,178,1,Constantine,Stephanidis,58ab64cb-4629-5b8d-98fe-bc4802df2130
498,179,1,Constantine,Stephanidis,58ab64cb-4629-5b8d-98fe-bc4802df2130
499,179,2,Demosthenes,Akoumianakis,f6068d1e-3e51-5540-8a43-b62a3b23fc45
500,179,77,J.,Ziegler,766e9b8b-5888-5554-8521-89633fb70c07
501,179,78,K.-P.,Faenrich,1bcc6515-478a-5fd8-be27-8e743280c1f3
502,180,1,Constantine,Stephanidis,58ab64cb-4629-5b8d-98fe-bc4802df2130
503,181,3,Anthony,Savidis,1ae1ee28-7d5e-53af-b226-78cdc6526427
504,181,2,Demosthenes,Akoumianakis,f6068d1e-3e51-5540-8a43-b62a3b23fc45
505,181,1,Constantine,Stephanidis,58ab64cb-4629-5b8d-98fe-bc4802df2130
506,182,3,Anthony,Savidis,1ae1ee28-7d5e-53af-b226-78cdc6526427
507,182,1,Constantine,Stephanidis,58ab64cb-4629-5b8d-98fe-bc4802df2130
508,183,1,Constantine,Stephanidis,58ab64cb-4629-5b8d-98fe-bc4802df2130
509,184,7,Margherita,Antona,583922dc-cbd2-50e0-ba2d-488830df4218
510,184,1,Constantine,Stephanidis,58ab64cb-4629-5b8d-98fe-bc4802df2130
511,184,45,G.,Kouroupetroglou,4e085092-9ac6-59cc-bed1-800917dc109a
512,185,1,Constantine,Stephanidis,58ab64cb-4629-5b8d-98fe-bc4802df2130
513,185,2,Demosthenes,Akoumianakis,f6068d1e-3e51-5540-8a43-b62a3b23fc45
514,185,77,J.,Ziegler,766e9b8b-5888-5554-8521-89633fb70c07
515,186,1,Constantine,Stephanidis,58ab64cb-4629-5b8d-98fe-bc4802df2130
516,186,3,Anthony,Savidis,1ae1ee28-7d5e-53af-b226-78cdc6526427
517,186,2,Demosthenes,Akoumianakis,f6068d1e-3e51-5540-8a43-b62a3b23fc45
518,187,1,Constantine,Stephanidis,58ab64cb-4629-5b8d-98fe-bc4802df2130
519,187,2,Demosthenes,Akoumianakis,f6068d1e-3e51-5540-8a43-b62a3b23fc45
520,187,78,K.-P.,Faenrich,1bcc6515-478a-5fd8-be27-8e743280c1f3
523,105,19,Adamantios,Koumpis,bce4d877-4006-5ad7-82a1-af9550fd01be
524,189,25,P.L.,Emiliani,316d020d-907b-5d2d-b861-7530f249d704
525,189,1,Constantine,Stephanidis,58ab64cb-4629-5b8d-98fe-bc4802df2130
526,189,54,J.,Ekberg,8ffa94f1-3aee-5b69-9c01-0972ae6428d8
527,190,2,Demosthenes,Akoumianakis,f6068d1e-3e51-5540-8a43-b62a3b23fc45
528,190,1,Constantine,Stephanidis,58ab64cb-4629-5b8d-98fe-bc4802df2130
529,191,3,Anthony,Savidis,1ae1ee28-7d5e-53af-b226-78cdc6526427
530,191,1,Constantine,Stephanidis,58ab64cb-4629-5b8d-98fe-bc4802df2130
531,191,78,K.-P.,Faenrich,1bcc6515-478a-5fd8-be27-8e743280c1f3
532,192,3,Anthony,Savidis,1ae1ee28-7d5e-53af-b226-78cdc6526427
533,192,32,Athena,Stergiou,b37cff04-5fd7-5dd8-9478-f1fc24be9191
534,192,1,Constantine,Stephanidis,58ab64cb-4629-5b8d-98fe-bc4802df2130
535,193,2,Demosthenes,Akoumianakis,f6068d1e-3e51-5540-8a43-b62a3b23fc45
536,193,1,Constantine,Stephanidis,58ab64cb-4629-5b8d-98fe-bc4802df2130
537,193,79,C.,Stary,4320cd95-a53f-5123-bb12-ec08e7f25f0e
538,193,80,N.,Vidakis,e4b278b7-061a-5369-9e82-679364d1e251
539,194,1,Constantine,Stephanidis,58ab64cb-4629-5b8d-98fe-bc4802df2130
540,195,1,Constantine,Stephanidis,58ab64cb-4629-5b8d-98fe-bc4802df2130
541,195,8,Nikos,Vernardakis,2e2038a7-d2b8-53c6-814a-0127cf2a9c4e
542,195,2,Demosthenes,Akoumianakis,f6068d1e-3e51-5540-8a43-b62a3b23fc45
544,197,1,Constantine,Stephanidis,58ab64cb-4629-5b8d-98fe-bc4802df2130
545,197,3,Anthony,Savidis,1ae1ee28-7d5e-53af-b226-78cdc6526427
546,197,33,Alexis,Paramythis,596d4cdd-5433-5b20-86eb-72f539bc3673
547,198,14,Frank,Deconinck,13feef5d-5578-5744-9b74-7579ce0dc590
548,198,1,Constantine,Stephanidis,58ab64cb-4629-5b8d-98fe-bc4802df2130
549,198,13,Gerhard,Weber,3ae912ed-641c-5e18-ae79-dce4342d5017
550,199,1,Constantine,Stephanidis,58ab64cb-4629-5b8d-98fe-bc4802df2130
551,200,1,Constantine,Stephanidis,58ab64cb-4629-5b8d-98fe-bc4802df2130
552,200,2,Demosthenes,Akoumianakis,f6068d1e-3e51-5540-8a43-b62a3b23fc45
553,201,1,Constantine,Stephanidis,58ab64cb-4629-5b8d-98fe-bc4802df2130
554,201,2,Demosthenes,Akoumianakis,f6068d1e-3e51-5540-8a43-b62a3b23fc45
555,202,1,Constantine,Stephanidis,58ab64cb-4629-5b8d-98fe-bc4802df2130
556,203,2,Demosthenes,Akoumianakis,f6068d1e-3e51-5540-8a43-b62a3b23fc45
557,203,1,Constantine,Stephanidis,58ab64cb-4629-5b8d-98fe-bc4802df2130
558,204,3,Anthony,Savidis,1ae1ee28-7d5e-53af-b226-78cdc6526427
559,204,1,Constantine,Stephanidis,58ab64cb-4629-5b8d-98fe-bc4802df2130
560,205,1,Constantine,Stephanidis,58ab64cb-4629-5b8d-98fe-bc4802df2130
561,205,33,Alexis,Paramythis,596d4cdd-5433-5b20-86eb-72f539bc3673
562,205,4,Charalampos,Karagiannidis,9b45f6cb-4e59-55bc-aab7-0675cbeca2f5
563,205,3,Anthony,Savidis,1ae1ee28-7d5e-53af-b226-78cdc6526427
565,207,1,Constantine,Stephanidis,58ab64cb-4629-5b8d-98fe-bc4802df2130
566,208,1,Constantine,Stephanidis,58ab64cb-4629-5b8d-98fe-bc4802df2130
567,209,3,Anthony,Savidis,1ae1ee28-7d5e-53af-b226-78cdc6526427
568,209,1,Constantine,Stephanidis,58ab64cb-4629-5b8d-98fe-bc4802df2130
569,210,28,Demetrios,Grammenos,470abcd5-f78c-52e7-97ec-5abb62bbf9e0
570,210,2,Demosthenes,Akoumianakis,f6068d1e-3e51-5540-8a43-b62a3b23fc45
571,210,1,Constantine,Stephanidis,58ab64cb-4629-5b8d-98fe-bc4802df2130
572,211,2,Demosthenes,Akoumianakis,f6068d1e-3e51-5540-8a43-b62a3b23fc45
573,211,3,Anthony,Savidis,1ae1ee28-7d5e-53af-b226-78cdc6526427
574,211,1,Constantine,Stephanidis,58ab64cb-4629-5b8d-98fe-bc4802df2130
575,212,2,Demosthenes,Akoumianakis,f6068d1e-3e51-5540-8a43-b62a3b23fc45
576,212,1,Constantine,Stephanidis,58ab64cb-4629-5b8d-98fe-bc4802df2130
582,215,1,Constantine,Stephanidis,58ab64cb-4629-5b8d-98fe-bc4802df2130
583,215,3,Anthony,Savidis,1ae1ee28-7d5e-53af-b226-78cdc6526427
584,215,2,Demosthenes,Akoumianakis,f6068d1e-3e51-5540-8a43-b62a3b23fc45
585,216,3,Anthony,Savidis,1ae1ee28-7d5e-53af-b226-78cdc6526427
586,216,32,Athena,Stergiou,b37cff04-5fd7-5dd8-9478-f1fc24be9191
587,216,1,Constantine,Stephanidis,58ab64cb-4629-5b8d-98fe-bc4802df2130
588,217,3,Anthony,Savidis,1ae1ee28-7d5e-53af-b226-78cdc6526427
589,217,76,G.,Vernardos,17b2cdf4-7268-5e3b-93a4-88ec54ad814a
590,217,1,Constantine,Stephanidis,58ab64cb-4629-5b8d-98fe-bc4802df2130
591,218,1,Constantine,Stephanidis,58ab64cb-4629-5b8d-98fe-bc4802df2130
592,219,1,Constantine,Stephanidis,58ab64cb-4629-5b8d-98fe-bc4802df2130
593,219,6,George,Paparoulis,8f3d7ed3-44db-5786-b30c-98ac89336589
594,219,32,Athena,Stergiou,b37cff04-5fd7-5dd8-9478-f1fc24be9191
595,219,4,Charalampos,Karagiannidis,9b45f6cb-4e59-55bc-aab7-0675cbeca2f5
596,219,5,Michael,Sfyrakis,ca475e93-f502-5980-96a9-31e882116d7f
597,219,25,P.L.,Emiliani,316d020d-907b-5d2d-b861-7530f249d704
598,219,81,E.,Palchetti,a0472c42-c0f9-569f-bdea-ff7a9f0dc464
599,219,46,D.,Majoe,ce41d3b0-c6c0-5f38-9a85-3ec9ac1fd158
600,219,82,M.,Billi,a169a0ec-ded9-5e09-a35e-8dd83e9bc496
601,220,1,Constantine,Stephanidis,58ab64cb-4629-5b8d-98fe-bc4802df2130
602,220,4,Charalampos,Karagiannidis,9b45f6cb-4e59-55bc-aab7-0675cbeca2f5
603,220,33,Alexis,Paramythis,596d4cdd-5433-5b20-86eb-72f539bc3673
604,220,5,Michael,Sfyrakis,ca475e93-f502-5980-96a9-31e882116d7f
605,220,83,J.,Schreck,865c7230-1b70-5f2b-ae2a-516dbbe45c10
606,220,84,J.,Fink,70dfc083-02e7-5886-b6f0-74d551d0f114
607,221,1,Constantine,Stephanidis,58ab64cb-4629-5b8d-98fe-bc4802df2130
608,221,18,Maria,Papadopoulou,a22bfda6-fcd7-5fd6-ad6d-48ab2e055edd
609,221,20,Panayiotis,Galatis,f5ef7092-9534-5b60-b6d2-8b51cb1fe9b4
610,221,39,Danae,Ioannidi,0db48d36-5ff8-5082-93f6-ec261738f04a
611,222,1,Constantine,Stephanidis,58ab64cb-4629-5b8d-98fe-bc4802df2130
612,222,2,Demosthenes,Akoumianakis,f6068d1e-3e51-5540-8a43-b62a3b23fc45
613,222,29,Helen,Petrie,2cff1a9e-7bc2-5192-9688-3c7f786d6aa8
614,222,85,A.,Vindigni,b66d05e9-39ee-5d1b-94e0-f7d8cbbd5a55
615,222,46,D.,Majoe,ce41d3b0-c6c0-5f38-9a85-3ec9ac1fd158
616,222,86,R.,Lauder,5f860534-9b8b-5535-a763-82d9bc83e6c7
617,222,87,E.,Kaasinen,49f549c6-60a4-5e77-ac68-ed109241fc60
618,222,88,K.,Kauppila,4e525de1-1d24-5d45-a479-dd12418324d2
619,222,89,A.-L.,Salminen,3818a920-96b7-5b4e-9bac-6d74433fa7c4
620,222,45,G.,Kouroupetroglou,4e085092-9ac6-59cc-bed1-800917dc109a
621,223,1,Constantine,Stephanidis,58ab64cb-4629-5b8d-98fe-bc4802df2130
622,223,2,Demosthenes,Akoumianakis,f6068d1e-3e51-5540-8a43-b62a3b23fc45
623,224,1,Constantine,Stephanidis,58ab64cb-4629-5b8d-98fe-bc4802df2130
624,224,3,Anthony,Savidis,1ae1ee28-7d5e-53af-b226-78cdc6526427
625,225,25,P.L.,Emiliani,316d020d-907b-5d2d-b861-7530f249d704
626,225,82,M.,Billi,a169a0ec-ded9-5e09-a35e-8dd83e9bc496
627,225,90,A.,Nill,08bacee6-7ebc-5714-953e-6547c3995423
628,225,1,Constantine,Stephanidis,58ab64cb-4629-5b8d-98fe-bc4802df2130
629,225,5,Michael,Sfyrakis,ca475e93-f502-5980-96a9-31e882116d7f
630,225,19,Adamantios,Koumpis,bce4d877-4006-5ad7-82a1-af9550fd01be
631,225,20,Panayiotis,Galatis,f5ef7092-9534-5b60-b6d2-8b51cb1fe9b4
632,226,91,L .,Horelli,ea9fcbb1-0069-58c0-b116-a2a0c6bd777e
633,226,89,A.-L.,Salminen,3818a920-96b7-5b4e-9bac-6d74433fa7c4
634,226,87,E.,Kaasinen,49f549c6-60a4-5e77-ac68-ed109241fc60
635,226,29,Helen,Petrie,2cff1a9e-7bc2-5192-9688-3c7f786d6aa8
636,226,1,Constantine,Stephanidis,58ab64cb-4629-5b8d-98fe-bc4802df2130
637,227,1,Constantine,Stephanidis,58ab64cb-4629-5b8d-98fe-bc4802df2130
638,227,3,Anthony,Savidis,1ae1ee28-7d5e-53af-b226-78cdc6526427
639,228,1,Constantine,Stephanidis,58ab64cb-4629-5b8d-98fe-bc4802df2130
640,228,46,D.,Majoe,ce41d3b0-c6c0-5f38-9a85-3ec9ac1fd158
641,228,25,P.L.,Emiliani,316d020d-907b-5d2d-b861-7530f249d704
642,228,20,Panayiotis,Galatis,f5ef7092-9534-5b60-b6d2-8b51cb1fe9b4
643,228,19,Adamantios,Koumpis,bce4d877-4006-5ad7-82a1-af9550fd01be
644,229,1,Constantine,Stephanidis,58ab64cb-4629-5b8d-98fe-bc4802df2130
645,229,18,Maria,Papadopoulou,a22bfda6-fcd7-5fd6-ad6d-48ab2e055edd
646,229,20,Panayiotis,Galatis,f5ef7092-9534-5b60-b6d2-8b51cb1fe9b4
647,229,5,Michael,Sfyrakis,ca475e93-f502-5980-96a9-31e882116d7f
648,229,39,Danae,Ioannidi,0db48d36-5ff8-5082-93f6-ec261738f04a
649,230,1,Constantine,Stephanidis,58ab64cb-4629-5b8d-98fe-bc4802df2130
650,230,3,Anthony,Savidis,1ae1ee28-7d5e-53af-b226-78cdc6526427
651,231,1,Constantine,Stephanidis,58ab64cb-4629-5b8d-98fe-bc4802df2130
652,231,2,Demosthenes,Akoumianakis,f6068d1e-3e51-5540-8a43-b62a3b23fc45
653,232,1,Constantine,Stephanidis,58ab64cb-4629-5b8d-98fe-bc4802df2130
654,232,3,Anthony,Savidis,1ae1ee28-7d5e-53af-b226-78cdc6526427
655,232,26,Ritsa,Gogoulou,a62ceac7-5bbd-52db-a885-8a32644a62ad
656,233,1,Constantine,Stephanidis,58ab64cb-4629-5b8d-98fe-bc4802df2130
657,233,3,Anthony,Savidis,1ae1ee28-7d5e-53af-b226-78cdc6526427
658,234,1,Constantine,Stephanidis,58ab64cb-4629-5b8d-98fe-bc4802df2130
659,234,3,Anthony,Savidis,1ae1ee28-7d5e-53af-b226-78cdc6526427
660,235,1,Constantine,Stephanidis,58ab64cb-4629-5b8d-98fe-bc4802df2130
661,235,3,Anthony,Savidis,1ae1ee28-7d5e-53af-b226-78cdc6526427
662,236,1,Constantine,Stephanidis,58ab64cb-4629-5b8d-98fe-bc4802df2130
663,236,3,Anthony,Savidis,1ae1ee28-7d5e-53af-b226-78cdc6526427
664,237,1,Constantine,Stephanidis,58ab64cb-4629-5b8d-98fe-bc4802df2130
665,237,2,Demosthenes,Akoumianakis,f6068d1e-3e51-5540-8a43-b62a3b23fc45
666,237,29,Helen,Petrie,2cff1a9e-7bc2-5192-9688-3c7f786d6aa8
667,237,85,A.,Vindigni,b66d05e9-39ee-5d1b-94e0-f7d8cbbd5a55
668,237,46,D.,Majoe,ce41d3b0-c6c0-5f38-9a85-3ec9ac1fd158
669,237,86,R.,Lauder,5f860534-9b8b-5535-a763-82d9bc83e6c7
670,237,87,E.,Kaasinen,49f549c6-60a4-5e77-ac68-ed109241fc60
671,237,89,A.-L.,Salminen,3818a920-96b7-5b4e-9bac-6d74433fa7c4
672,237,92,Veli-Pekka,Raty,4d14f3ba-6c56-5105-8fae-b214e77d4fd5
673,238,1,Constantine,Stephanidis,58ab64cb-4629-5b8d-98fe-bc4802df2130
674,238,19,Adamantios,Koumpis,bce4d877-4006-5ad7-82a1-af9550fd01be
675,238,33,Alexis,Paramythis,596d4cdd-5433-5b20-86eb-72f539bc3673
676,239,1,Constantine,Stephanidis,58ab64cb-4629-5b8d-98fe-bc4802df2130
677,239,33,Alexis,Paramythis,596d4cdd-5433-5b20-86eb-72f539bc3673
678,239,19,Adamantios,Koumpis,bce4d877-4006-5ad7-82a1-af9550fd01be
679,239,2,Demosthenes,Akoumianakis,f6068d1e-3e51-5540-8a43-b62a3b23fc45
680,239,86,R.,Lauder,5f860534-9b8b-5535-a763-82d9bc83e6c7
681,240,1,Constantine,Stephanidis,58ab64cb-4629-5b8d-98fe-bc4802df2130
682,240,7,Margherita,Antona,583922dc-cbd2-50e0-ba2d-488830df4218
683,241,1,Constantine,Stephanidis,58ab64cb-4629-5b8d-98fe-bc4802df2130
684,241,2,Demosthenes,Akoumianakis,f6068d1e-3e51-5540-8a43-b62a3b23fc45
685,242,1,Constantine,Stephanidis,58ab64cb-4629-5b8d-98fe-bc4802df2130
686,242,3,Anthony,Savidis,1ae1ee28-7d5e-53af-b226-78cdc6526427
687,243,1,Constantine,Stephanidis,58ab64cb-4629-5b8d-98fe-bc4802df2130
688,243,3,Anthony,Savidis,1ae1ee28-7d5e-53af-b226-78cdc6526427
689,244,1,Constantine,Stephanidis,58ab64cb-4629-5b8d-98fe-bc4802df2130
690,244,18,Maria,Papadopoulou,a22bfda6-fcd7-5fd6-ad6d-48ab2e055edd
691,244,20,Panayiotis,Galatis,f5ef7092-9534-5b60-b6d2-8b51cb1fe9b4
692,244,5,Michael,Sfyrakis,ca475e93-f502-5980-96a9-31e882116d7f
693,244,39,Danae,Ioannidi,0db48d36-5ff8-5082-93f6-ec261738f04a
694,244,17,Lena,Marinaki,299d06c4-9e7b-5bb2-b7e3-03413628602e
695,245,1,Constantine,Stephanidis,58ab64cb-4629-5b8d-98fe-bc4802df2130
696,245,8,Nikos,Vernardakis,2e2038a7-d2b8-53c6-814a-0127cf2a9c4e
697,245,2,Demosthenes,Akoumianakis,f6068d1e-3e51-5540-8a43-b62a3b23fc45
698,246,1,Constantine,Stephanidis,58ab64cb-4629-5b8d-98fe-bc4802df2130
699,246,93,J.,Ahonen,0d096108-53f3-5377-8f93-6c3ad6a7ded2
700,246,87,E.,Kaasinen,49f549c6-60a4-5e77-ac68-ed109241fc60
701,246,94,A.,Kalliala,efc5e0a0-f9a6-5a32-85a3-45fc0779332b
702,246,45,G.,Kouroupetroglou,4e085092-9ac6-59cc-bed1-800917dc109a
703,246,86,R.,Lauder,5f860534-9b8b-5535-a763-82d9bc83e6c7
704,246,95,K.,Nyholm,17e429d0-95a6-57b7-8157-83f24e602837
705,246,96,T.,Pulli,cf9c9b99-78f5-5561-9d9f-38b6169cbe65
706,246,92,Veli-Pekka,Raty,4d14f3ba-6c56-5105-8fae-b214e77d4fd5
707,246,89,A.-L.,Salminen,3818a920-96b7-5b4e-9bac-6d74433fa7c4
708,246,97,K.,Salomaa,36715814-9979-57a3-942e-dad14c88c010
709,247,1,Constantine,Stephanidis,58ab64cb-4629-5b8d-98fe-bc4802df2130
710,247,20,Panayiotis,Galatis,f5ef7092-9534-5b60-b6d2-8b51cb1fe9b4
711,247,5,Michael,Sfyrakis,ca475e93-f502-5980-96a9-31e882116d7f
712,247,19,Adamantios,Koumpis,bce4d877-4006-5ad7-82a1-af9550fd01be
713,247,32,Athena,Stergiou,b37cff04-5fd7-5dd8-9478-f1fc24be9191
714,247,27,Yannis,Mitsopoulos,830f331a-ccc7-5c89-8d93-514e0c1178bd
715,248,1,Constantine,Stephanidis,58ab64cb-4629-5b8d-98fe-bc4802df2130
716,248,20,Panayiotis,Galatis,f5ef7092-9534-5b60-b6d2-8b51cb1fe9b4
717,248,5,Michael,Sfyrakis,ca475e93-f502-5980-96a9-31e882116d7f
718,248,19,Adamantios,Koumpis,bce4d877-4006-5ad7-82a1-af9550fd01be
719,249,1,Constantine,Stephanidis,58ab64cb-4629-5b8d-98fe-bc4802df2130
720,249,3,Anthony,Savidis,1ae1ee28-7d5e-53af-b226-78cdc6526427
721,250,1,Constantine,Stephanidis,58ab64cb-4629-5b8d-98fe-bc4802df2130
722,250,3,Anthony,Savidis,1ae1ee28-7d5e-53af-b226-78cdc6526427
723,251,13,Gerhard,Weber,3ae912ed-641c-5e18-ae79-dce4342d5017
724,251,15,D.,Kochanek,8663e22b-b8eb-5721-9d92-f1c456ed3563
725,251,1,Constantine,Stephanidis,58ab64cb-4629-5b8d-98fe-bc4802df2130
726,251,26,Ritsa,Gogoulou,a62ceac7-5bbd-52db-a885-8a32644a62ad
727,252,1,Constantine,Stephanidis,58ab64cb-4629-5b8d-98fe-bc4802df2130
728,252,8,Nikos,Vernardakis,2e2038a7-d2b8-53c6-814a-0127cf2a9c4e
729,252,42,S.,Orphanoudakis,3afb257b-3de3-50d0-ae92-25a5af1074a7
730,252,2,Demosthenes,Akoumianakis,f6068d1e-3e51-5540-8a43-b62a3b23fc45
731,252,45,G.,Kouroupetroglou,4e085092-9ac6-59cc-bed1-800917dc109a
732,252,5,Michael,Sfyrakis,ca475e93-f502-5980-96a9-31e882116d7f
733,252,25,P.L.,Emiliani,316d020d-907b-5d2d-b861-7530f249d704
734,253,25,P.L.,Emiliani,316d020d-907b-5d2d-b861-7530f249d704
735,253,1,Constantine,Stephanidis,58ab64cb-4629-5b8d-98fe-bc4802df2130
736,253,8,Nikos,Vernardakis,2e2038a7-d2b8-53c6-814a-0127cf2a9c4e
737,253,42,S.,Orphanoudakis,3afb257b-3de3-50d0-ae92-25a5af1074a7
738,253,2,Demosthenes,Akoumianakis,f6068d1e-3e51-5540-8a43-b62a3b23fc45
739,253,5,Michael,Sfyrakis,ca475e93-f502-5980-96a9-31e882116d7f
740,253,45,G.,Kouroupetroglou,4e085092-9ac6-59cc-bed1-800917dc109a
741,254,48,J.,Lindstrom,86d00991-35f5-5132-b9d9-0bcd4e71845c
742,254,98,U.,Olsson,8e5928d3-40a6-5046-97de-30679d83663c
743,254,65,Gunnar,Hellstroem,5ecc833e-0d61-5319-96a8-05b35e44c9c4
744,254,25,P.L.,Emiliani,316d020d-907b-5d2d-b861-7530f249d704
745,254,25,P.L.,Emiliani,316d020d-907b-5d2d-b861-7530f249d704
746,254,1,Constantine,Stephanidis,58ab64cb-4629-5b8d-98fe-bc4802df2130
747,255,1,Constantine,Stephanidis,58ab64cb-4629-5b8d-98fe-bc4802df2130
748,255,3,Anthony,Savidis,1ae1ee28-7d5e-53af-b226-78cdc6526427
749,255,2,Demosthenes,Akoumianakis,f6068d1e-3e51-5540-8a43-b62a3b23fc45
750,256,1,Constantine,Stephanidis,58ab64cb-4629-5b8d-98fe-bc4802df2130
751,256,2,Demosthenes,Akoumianakis,f6068d1e-3e51-5540-8a43-b62a3b23fc45
752,256,29,Helen,Petrie,2cff1a9e-7bc2-5192-9688-3c7f786d6aa8
753,256,85,A.,Vindigni,b66d05e9-39ee-5d1b-94e0-f7d8cbbd5a55
754,256,46,D.,Majoe,ce41d3b0-c6c0-5f38-9a85-3ec9ac1fd158
755,256,86,R.,Lauder,5f860534-9b8b-5535-a763-82d9bc83e6c7
756,256,54,J.,Ekberg,8ffa94f1-3aee-5b69-9c01-0972ae6428d8
757,256,89,A.-L.,Salminen,3818a920-96b7-5b4e-9bac-6d74433fa7c4
758,256,99,S.,Haataja,cac2aecf-82bc-5e24-9d1f-7a7f858c2baa
759,257,1,Constantine,Stephanidis,58ab64cb-4629-5b8d-98fe-bc4802df2130
760,257,20,Panayiotis,Galatis,f5ef7092-9534-5b60-b6d2-8b51cb1fe9b4
761,257,5,Michael,Sfyrakis,ca475e93-f502-5980-96a9-31e882116d7f
762,257,19,Adamantios,Koumpis,bce4d877-4006-5ad7-82a1-af9550fd01be
763,258,1,Constantine,Stephanidis,58ab64cb-4629-5b8d-98fe-bc4802df2130
764,258,8,Nikos,Vernardakis,2e2038a7-d2b8-53c6-814a-0127cf2a9c4e
765,258,2,Demosthenes,Akoumianakis,f6068d1e-3e51-5540-8a43-b62a3b23fc45
766,259,1,Constantine,Stephanidis,58ab64cb-4629-5b8d-98fe-bc4802df2130
767,259,8,Nikos,Vernardakis,2e2038a7-d2b8-53c6-814a-0127cf2a9c4e
768,259,2,Demosthenes,Akoumianakis,f6068d1e-3e51-5540-8a43-b62a3b23fc45
769,260,1,Constantine,Stephanidis,58ab64cb-4629-5b8d-98fe-bc4802df2130
770,260,3,Anthony,Savidis,1ae1ee28-7d5e-53af-b226-78cdc6526427
772,261,1,Constantine,Stephanidis,58ab64cb-4629-5b8d-98fe-bc4802df2130
773,261,18,Maria,Papadopoulou,a22bfda6-fcd7-5fd6-ad6d-48ab2e055edd
774,262,1,Constantine,Stephanidis,58ab64cb-4629-5b8d-98fe-bc4802df2130
775,262,11,Gregory,Homatas,6548dfe6-6f2d-53c1-8746-0eff646256cd
776,263,1,Constantine,Stephanidis,58ab64cb-4629-5b8d-98fe-bc4802df2130
777,263,20,Panayiotis,Galatis,f5ef7092-9534-5b60-b6d2-8b51cb1fe9b4
778,263,5,Michael,Sfyrakis,ca475e93-f502-5980-96a9-31e882116d7f
779,263,19,Adamantios,Koumpis,bce4d877-4006-5ad7-82a1-af9550fd01be
780,264,1,Constantine,Stephanidis,58ab64cb-4629-5b8d-98fe-bc4802df2130
781,264,40,Γιώργος,Μαλαθράκης,4095db28-e969-5f41-8521-7b4f805cc078
782,264,17,Lena,Marinaki,299d06c4-9e7b-5bb2-b7e3-03413628602e
783,264,39,Danae,Ioannidi,0db48d36-5ff8-5082-93f6-ec261738f04a
784,264,18,Maria,Papadopoulou,a22bfda6-fcd7-5fd6-ad6d-48ab2e055edd
785,264,41,Στάθης,Τριανταφύλλου,9ee574da-a007-5b6b-b506-8289c72f0944
786,265,1,Constantine,Stephanidis,58ab64cb-4629-5b8d-98fe-bc4802df2130
787,265,40,Γιώργος,Μαλαθράκης,4095db28-e969-5f41-8521-7b4f805cc078
788,265,17,Lena,Marinaki,299d06c4-9e7b-5bb2-b7e3-03413628602e
789,265,6,George,Paparoulis,8f3d7ed3-44db-5786-b30c-98ac89336589
790,265,18,Maria,Papadopoulou,a22bfda6-fcd7-5fd6-ad6d-48ab2e055edd
791,265,38,Christos,Dagiakidis,b5549729-7597-50c6-b0cb-706f4da879d9
792,265,100,M.,Kalogirou,8d268f57-8d4d-50e1-8a57-f50b4b20b246
793,265,100,M.,Kalogirou,8d268f57-8d4d-50e1-8a57-f50b4b20b246
794,265,41,Στάθης,Τριανταφύλλου,9ee574da-a007-5b6b-b506-8289c72f0944
795,266,1,Constantine,Stephanidis,58ab64cb-4629-5b8d-98fe-bc4802df2130
796,266,17,Lena,Marinaki,299d06c4-9e7b-5bb2-b7e3-03413628602e
797,266,18,Maria,Papadopoulou,a22bfda6-fcd7-5fd6-ad6d-48ab2e055edd
798,266,41,Στάθης,Τριανταφύλλου,9ee574da-a007-5b6b-b506-8289c72f0944
799,267,1,Constantine,Stephanidis,58ab64cb-4629-5b8d-98fe-bc4802df2130
800,267,20,Panayiotis,Galatis,f5ef7092-9534-5b60-b6d2-8b51cb1fe9b4
801,267,5,Michael,Sfyrakis,ca475e93-f502-5980-96a9-31e882116d7f
802,267,21,George,Vareltzis,595c6891-e8d7-5855-b255-f32afe25df44
803,268,1,Constantine,Stephanidis,58ab64cb-4629-5b8d-98fe-bc4802df2130
804,268,20,Panayiotis,Galatis,f5ef7092-9534-5b60-b6d2-8b51cb1fe9b4
805,268,5,Michael,Sfyrakis,ca475e93-f502-5980-96a9-31e882116d7f
806,268,21,George,Vareltzis,595c6891-e8d7-5855-b255-f32afe25df44
807,269,1,Constantine,Stephanidis,58ab64cb-4629-5b8d-98fe-bc4802df2130
808,269,20,Panayiotis,Galatis,f5ef7092-9534-5b60-b6d2-8b51cb1fe9b4
809,269,5,Michael,Sfyrakis,ca475e93-f502-5980-96a9-31e882116d7f
810,269,21,George,Vareltzis,595c6891-e8d7-5855-b255-f32afe25df44
811,270,1,Constantine,Stephanidis,58ab64cb-4629-5b8d-98fe-bc4802df2130
812,270,2,Demosthenes,Akoumianakis,f6068d1e-3e51-5540-8a43-b62a3b23fc45
813,270,38,Christos,Dagiakidis,b5549729-7597-50c6-b0cb-706f4da879d9
814,270,39,Danae,Ioannidi,0db48d36-5ff8-5082-93f6-ec261738f04a
815,270,100,M.,Kalogirou,8d268f57-8d4d-50e1-8a57-f50b4b20b246
816,270,16,Claire,Lidaki,91a58991-c8ff-5947-8765-af361a0cf516
817,270,40,Γιώργος,Μαλαθράκης,4095db28-e969-5f41-8521-7b4f805cc078
818,270,102,Μ.,Μαραγκουδάκη,9c130102-f914-59a7-a26d-431129349658
819,270,17,Lena,Marinaki,299d06c4-9e7b-5bb2-b7e3-03413628602e
820,270,41,Στάθης,Τριανταφύλλου,9ee574da-a007-5b6b-b506-8289c72f0944
821,271,1,Constantine,Stephanidis,58ab64cb-4629-5b8d-98fe-bc4802df2130
822,271,8,Nikos,Vernardakis,2e2038a7-d2b8-53c6-814a-0127cf2a9c4e
823,271,2,Demosthenes,Akoumianakis,f6068d1e-3e51-5540-8a43-b62a3b23fc45
824,271,101,B.,Alders,bfa13911-b0a6-5016-99f1-00313bebdb2f
825,271,22,M.,Soede,a4802ab6-e9f4-5c61-b292-0a50c31bd344
826,272,1,Constantine,Stephanidis,58ab64cb-4629-5b8d-98fe-bc4802df2130
827,272,2,Demosthenes,Akoumianakis,f6068d1e-3e51-5540-8a43-b62a3b23fc45
828,273,1,Constantine,Stephanidis,58ab64cb-4629-5b8d-98fe-bc4802df2130
829,273,2,Demosthenes,Akoumianakis,f6068d1e-3e51-5540-8a43-b62a3b23fc45
830,274,1,Constantine,Stephanidis,58ab64cb-4629-5b8d-98fe-bc4802df2130
831,274,3,Anthony,Savidis,1ae1ee28-7d5e-53af-b226-78cdc6526427
832,275,13,Gerhard,Weber,3ae912ed-641c-5e18-ae79-dce4342d5017
833,275,15,D.,Kochanek,8663e22b-b8eb-5721-9d92-f1c456ed3563
834,275,1,Constantine,Stephanidis,58ab64cb-4629-5b8d-98fe-bc4802df2130
835,275,26,Ritsa,Gogoulou,a62ceac7-5bbd-52db-a885-8a32644a62ad
836,276,13,Gerhard,Weber,3ae912ed-641c-5e18-ae79-dce4342d5017
837,276,1,Constantine,Stephanidis,58ab64cb-4629-5b8d-98fe-bc4802df2130
838,276,15,D.,Kochanek,8663e22b-b8eb-5721-9d92-f1c456ed3563
839,276,103,Olaf,Halm,2e608f95-66cb-5d75-a214-386ceed5ea39
840,276,11,Gregory,Homatas,6548dfe6-6f2d-53c1-8746-0eff646256cd
841,276,104,J.,Bornschein,7e0dc53c-63e8-5c06-9be2-9d5cd49d4059
842,277,1,Constantine,Stephanidis,58ab64cb-4629-5b8d-98fe-bc4802df2130
843,277,2,Demosthenes,Akoumianakis,f6068d1e-3e51-5540-8a43-b62a3b23fc45
844,277,8,Nikos,Vernardakis,2e2038a7-d2b8-53c6-814a-0127cf2a9c4e
845,277,16,Claire,Lidaki,91a58991-c8ff-5947-8765-af361a0cf516
846,278,1,Constantine,Stephanidis,58ab64cb-4629-5b8d-98fe-bc4802df2130
847,278,11,Gregory,Homatas,6548dfe6-6f2d-53c1-8746-0eff646256cd
848,278,37,Yannis,Kasmeridis,311927c7-daff-5dca-b3dc-7c3f549ce521
849,278,26,Ritsa,Gogoulou,a62ceac7-5bbd-52db-a885-8a32644a62ad
850,278,13,Gerhard,Weber,3ae912ed-641c-5e18-ae79-dce4342d5017
851,278,25,P.L.,Emiliani,316d020d-907b-5d2d-b861-7530f249d704
852,278,105,Pekka,Loula,bbad2b53-cdcf-5051-9876-dd07da90f25b
853,279,1,Constantine,Stephanidis,58ab64cb-4629-5b8d-98fe-bc4802df2130
854,279,11,Gregory,Homatas,6548dfe6-6f2d-53c1-8746-0eff646256cd
855,279,26,Ritsa,Gogoulou,a62ceac7-5bbd-52db-a885-8a32644a62ad
856,279,5,Michael,Sfyrakis,ca475e93-f502-5980-96a9-31e882116d7f
857,279,13,Gerhard,Weber,3ae912ed-641c-5e18-ae79-dce4342d5017
858,279,25,P.L.,Emiliani,316d020d-907b-5d2d-b861-7530f249d704
859,279,106,J.,Heimila,848c3f39-9855-5137-9306-9f23555018fb
860,280,13,Gerhard,Weber,3ae912ed-641c-5e18-ae79-dce4342d5017
861,280,1,Constantine,Stephanidis,58ab64cb-4629-5b8d-98fe-bc4802df2130
862,280,15,D.,Kochanek,8663e22b-b8eb-5721-9d92-f1c456ed3563
863,280,103,Olaf,Halm,2e608f95-66cb-5d75-a214-386ceed5ea39
864,280,11,Gregory,Homatas,6548dfe6-6f2d-53c1-8746-0eff646256cd
865,280,104,J.,Bornschein,7e0dc53c-63e8-5c06-9be2-9d5cd49d4059
866,281,1,Constantine,Stephanidis,58ab64cb-4629-5b8d-98fe-bc4802df2130
867,281,20,Panayiotis,Galatis,f5ef7092-9534-5b60-b6d2-8b51cb1fe9b4
868,281,21,George,Vareltzis,595c6891-e8d7-5855-b255-f32afe25df44
869,281,5,Michael,Sfyrakis,ca475e93-f502-5980-96a9-31e882116d7f
870,282,1,Constantine,Stephanidis,58ab64cb-4629-5b8d-98fe-bc4802df2130
871,282,20,Panayiotis,Galatis,f5ef7092-9534-5b60-b6d2-8b51cb1fe9b4
872,282,5,Michael,Sfyrakis,ca475e93-f502-5980-96a9-31e882116d7f
873,282,21,George,Vareltzis,595c6891-e8d7-5855-b255-f32afe25df44
874,283,1,Constantine,Stephanidis,58ab64cb-4629-5b8d-98fe-bc4802df2130
875,283,18,Maria,Papadopoulou,a22bfda6-fcd7-5fd6-ad6d-48ab2e055edd
876,284,1,Constantine,Stephanidis,58ab64cb-4629-5b8d-98fe-bc4802df2130
877,284,12,Natassa,Spyridou,a875dbf2-903e-5d05-ba77-1a3abfe3603d
878,284,20,Panayiotis,Galatis,f5ef7092-9534-5b60-b6d2-8b51cb1fe9b4
879,284,37,Yannis,Kasmeridis,311927c7-daff-5dca-b3dc-7c3f549ce521
880,284,58,C.R.,Cavonius,c57d8ea7-4b44-5241-8772-62caa3b46022
881,284,21,George,Vareltzis,595c6891-e8d7-5855-b255-f32afe25df44
882,285,1,Constantine,Stephanidis,58ab64cb-4629-5b8d-98fe-bc4802df2130
883,285,18,Maria,Papadopoulou,a22bfda6-fcd7-5fd6-ad6d-48ab2e055edd
884,286,1,Constantine,Stephanidis,58ab64cb-4629-5b8d-98fe-bc4802df2130
885,286,12,Natassa,Spyridou,a875dbf2-903e-5d05-ba77-1a3abfe3603d
886,286,20,Panayiotis,Galatis,f5ef7092-9534-5b60-b6d2-8b51cb1fe9b4
887,286,37,Yannis,Kasmeridis,311927c7-daff-5dca-b3dc-7c3f549ce521
888,286,11,Gregory,Homatas,6548dfe6-6f2d-53c1-8746-0eff646256cd
889,287,1,Constantine,Stephanidis,58ab64cb-4629-5b8d-98fe-bc4802df2130
890,287,12,Natassa,Spyridou,a875dbf2-903e-5d05-ba77-1a3abfe3603d
891,287,20,Panayiotis,Galatis,f5ef7092-9534-5b60-b6d2-8b51cb1fe9b4
892,287,37,Yannis,Kasmeridis,311927c7-daff-5dca-b3dc-7c3f549ce521
893,287,11,Gregory,Homatas,6548dfe6-6f2d-53c1-8746-0eff646256cd
894,288,1,Constantine,Stephanidis,58ab64cb-4629-5b8d-98fe-bc4802df2130
895,288,12,Natassa,Spyridou,a875dbf2-903e-5d05-ba77-1a3abfe3603d
896,288,20,Panayiotis,Galatis,f5ef7092-9534-5b60-b6d2-8b51cb1fe9b4
897,288,37,Yannis,Kasmeridis,311927c7-daff-5dca-b3dc-7c3f549ce521
898,288,11,Gregory,Homatas,6548dfe6-6f2d-53c1-8746-0eff646256cd
899,289,1,Constantine,Stephanidis,58ab64cb-4629-5b8d-98fe-bc4802df2130
900,289,12,Natassa,Spyridou,a875dbf2-903e-5d05-ba77-1a3abfe3603d
901,289,20,Panayiotis,Galatis,f5ef7092-9534-5b60-b6d2-8b51cb1fe9b4
902,289,37,Yannis,Kasmeridis,311927c7-daff-5dca-b3dc-7c3f549ce521
903,289,11,Gregory,Homatas,6548dfe6-6f2d-53c1-8746-0eff646256cd
904,290,1,Constantine,Stephanidis,58ab64cb-4629-5b8d-98fe-bc4802df2130
905,290,20,Panayiotis,Galatis,f5ef7092-9534-5b60-b6d2-8b51cb1fe9b4
906,291,1,Constantine,Stephanidis,58ab64cb-4629-5b8d-98fe-bc4802df2130
907,291,20,Panayiotis,Galatis,f5ef7092-9534-5b60-b6d2-8b51cb1fe9b4
908,292,1,Constantine,Stephanidis,58ab64cb-4629-5b8d-98fe-bc4802df2130
909,292,11,Gregory,Homatas,6548dfe6-6f2d-53c1-8746-0eff646256cd
910,293,1,Constantine,Stephanidis,58ab64cb-4629-5b8d-98fe-bc4802df2130
911,293,5,Michael,Sfyrakis,ca475e93-f502-5980-96a9-31e882116d7f
912,294,1,Constantine,Stephanidis,58ab64cb-4629-5b8d-98fe-bc4802df2130
913,294,18,Maria,Papadopoulou,a22bfda6-fcd7-5fd6-ad6d-48ab2e055edd
914,295,1,Constantine,Stephanidis,58ab64cb-4629-5b8d-98fe-bc4802df2130
915,295,5,Michael,Sfyrakis,ca475e93-f502-5980-96a9-31e882116d7f
916,295,12,Natassa,Spyridou,a875dbf2-903e-5d05-ba77-1a3abfe3603d
917,295,11,Gregory,Homatas,6548dfe6-6f2d-53c1-8746-0eff646256cd
918,296,1,Constantine,Stephanidis,58ab64cb-4629-5b8d-98fe-bc4802df2130
919,296,5,Michael,Sfyrakis,ca475e93-f502-5980-96a9-31e882116d7f
920,296,12,Natassa,Spyridou,a875dbf2-903e-5d05-ba77-1a3abfe3603d
921,296,11,Gregory,Homatas,6548dfe6-6f2d-53c1-8746-0eff646256cd
922,297,1,Constantine,Stephanidis,58ab64cb-4629-5b8d-98fe-bc4802df2130
923,297,5,Michael,Sfyrakis,ca475e93-f502-5980-96a9-31e882116d7f
924,297,12,Natassa,Spyridou,a875dbf2-903e-5d05-ba77-1a3abfe3603d
925,297,11,Gregory,Homatas,6548dfe6-6f2d-53c1-8746-0eff646256cd
926,298,1,Constantine,Stephanidis,58ab64cb-4629-5b8d-98fe-bc4802df2130
927,298,18,Maria,Papadopoulou,a22bfda6-fcd7-5fd6-ad6d-48ab2e055edd
928,299,1,Constantine,Stephanidis,58ab64cb-4629-5b8d-98fe-bc4802df2130
929,299,5,Michael,Sfyrakis,ca475e93-f502-5980-96a9-31e882116d7f
930,299,12,Natassa,Spyridou,a875dbf2-903e-5d05-ba77-1a3abfe3603d
931,299,11,Gregory,Homatas,6548dfe6-6f2d-53c1-8746-0eff646256cd
932,300,1,Constantine,Stephanidis,58ab64cb-4629-5b8d-98fe-bc4802df2130
933,300,5,Michael,Sfyrakis,ca475e93-f502-5980-96a9-31e882116d7f
934,301,2,Demosthenes,Akoumianakis,f6068d1e-3e51-5540-8a43-b62a3b23fc45
935,301,1,Constantine,Stephanidis,58ab64cb-4629-5b8d-98fe-bc4802df2130
936,207,1,Constantine,Stephanidis,58ab64cb-4629-5b8d-98fe-bc4802df2130
937,208,1,Constantine,Stephanidis,58ab64cb-4629-5b8d-98fe-bc4802df2130
939,120,1,Constantine,Stephanidis,58ab64cb-4629-5b8d-98fe-bc4802df2130
940,120,11,Gregory,Homatas,6548dfe6-6f2d-53c1-8746-0eff646256cd
941,120,12,Natassa,Spyridou,a875dbf2-903e-5d05-ba77-1a3abfe3603d
942,120,5,Michael,Sfyrakis,ca475e93-f502-5980-96a9-31e882116d7f
943,120,13,Gerhard,Weber,3ae912ed-641c-5e18-ae79-dce4342d5017
949,304,1,Constantine,Stephanidis,58ab64cb-4629-5b8d-98fe-bc4802df2130
950,304,108,Noelle,Carbonell,3171f6df-0d4f-5613-b58d-31e18f02d724
951,305,1,Constantine,Stephanidis,58ab64cb-4629-5b8d-98fe-bc4802df2130
952,307,1,Constantine,Stephanidis,58ab64cb-4629-5b8d-98fe-bc4802df2130
953,308,1,Constantine,Stephanidis,58ab64cb-4629-5b8d-98fe-bc4802df2130
954,308,3,Anthony,Savidis,1ae1ee28-7d5e-53af-b226-78cdc6526427
962,314,1,Constantine,Stephanidis,58ab64cb-4629-5b8d-98fe-bc4802df2130
964,317,1,Constantine,Stephanidis,58ab64cb-4629-5b8d-98fe-bc4802df2130
965,319,1,Constantine,Stephanidis,58ab64cb-4629-5b8d-98fe-bc4802df2130
966,320,3,Anthony,Savidis,1ae1ee28-7d5e-53af-b226-78cdc6526427
967,320,1,Constantine,Stephanidis,58ab64cb-4629-5b8d-98fe-bc4802df2130
968,321,3,Anthony,Savidis,1ae1ee28-7d5e-53af-b226-78cdc6526427
969,321,1,Constantine,Stephanidis,58ab64cb-4629-5b8d-98fe-bc4802df2130
970,311,1,Constantine,Stephanidis,58ab64cb-4629-5b8d-98fe-bc4802df2130
971,310,1,Constantine,Stephanidis,58ab64cb-4629-5b8d-98fe-bc4802df2130
1474,415,1,Constantine,Stephanidis,58ab64cb-4629-5b8d-98fe-bc4802df2130
1475,415,33,Alexis,Paramythis,596d4cdd-5433-5b20-86eb-72f539bc3673
1476,415,5,Michael,Sfyrakis,ca475e93-f502-5980-96a9-31e882116d7f
1477,415,32,Athena,Stergiou,b37cff04-5fd7-5dd8-9478-f1fc24be9191
1478,415,70,Napoleon,Maou,5b799e33-d58b-5ef7-ba1a-17a2735fda9d
1479,415,69,Adam,Leventis,7fe27dbb-8775-5ba0-a4bd-15dc260a2c3d
1480,415,6,George,Paparoulis,8f3d7ed3-44db-5786-b30c-98ac89336589
1481,415,4,Charalampos,Karagiannidis,9b45f6cb-4e59-55bc-aab7-0675cbeca2f5
1489,419,28,Demetrios,Grammenos,470abcd5-f78c-52e7-97ec-5abb62bbf9e0
1490,419,2,Demosthenes,Akoumianakis,f6068d1e-3e51-5540-8a43-b62a3b23fc45
1491,419,1,Constantine,Stephanidis,58ab64cb-4629-5b8d-98fe-bc4802df2130
1492,420,1,Constantine,Stephanidis,58ab64cb-4629-5b8d-98fe-bc4802df2130
1493,421,1,Constantine,Stephanidis,58ab64cb-4629-5b8d-98fe-bc4802df2130
1494,421,33,Alexis,Paramythis,596d4cdd-5433-5b20-86eb-72f539bc3673
1495,421,32,Athena,Stergiou,b37cff04-5fd7-5dd8-9478-f1fc24be9191
1496,421,70,Napoleon,Maou,5b799e33-d58b-5ef7-ba1a-17a2735fda9d
1497,421,69,Adam,Leventis,7fe27dbb-8775-5ba0-a4bd-15dc260a2c3d
1498,421,3,Anthony,Savidis,1ae1ee28-7d5e-53af-b226-78cdc6526427
1499,421,5,Michael,Sfyrakis,ca475e93-f502-5980-96a9-31e882116d7f
1500,421,4,Charalampos,Karagiannidis,9b45f6cb-4e59-55bc-aab7-0675cbeca2f5
1501,421,76,G.,Vernardos,17b2cdf4-7268-5e3b-93a4-88ec54ad814a
1502,421,6,George,Paparoulis,8f3d7ed3-44db-5786-b30c-98ac89336589
1507,422,4,Charalampos,Karagiannidis,9b45f6cb-4e59-55bc-aab7-0675cbeca2f5
1508,422,19,Adamantios,Koumpis,bce4d877-4006-5ad7-82a1-af9550fd01be
1509,422,1,Constantine,Stephanidis,58ab64cb-4629-5b8d-98fe-bc4802df2130
1510,423,7,Margherita,Antona,583922dc-cbd2-50e0-ba2d-488830df4218
1511,423,1,Constantine,Stephanidis,58ab64cb-4629-5b8d-98fe-bc4802df2130
1512,423,45,G.,Kouroupetroglou,4e085092-9ac6-59cc-bed1-800917dc109a
1513,424,1,Constantine,Stephanidis,58ab64cb-4629-5b8d-98fe-bc4802df2130
1514,424,25,P.L.,Emiliani,316d020d-907b-5d2d-b861-7530f249d704
1515,425,1,Constantine,Stephanidis,58ab64cb-4629-5b8d-98fe-bc4802df2130
1516,425,2,Demosthenes,Akoumianakis,f6068d1e-3e51-5540-8a43-b62a3b23fc45
1528,432,1,Constantine,Stephanidis,58ab64cb-4629-5b8d-98fe-bc4802df2130
1529,432,5,Michael,Sfyrakis,ca475e93-f502-5980-96a9-31e882116d7f
1530,433,1,Constantine,Stephanidis,58ab64cb-4629-5b8d-98fe-bc4802df2130
1531,433,33,Alexis,Paramythis,596d4cdd-5433-5b20-86eb-72f539bc3673
1532,434,1,Constantine,Stephanidis,58ab64cb-4629-5b8d-98fe-bc4802df2130
1533,434,33,Alexis,Paramythis,596d4cdd-5433-5b20-86eb-72f539bc3673
1534,435,1,Constantine,Stephanidis,58ab64cb-4629-5b8d-98fe-bc4802df2130
1535,436,1,Constantine,Stephanidis,58ab64cb-4629-5b8d-98fe-bc4802df2130
1536,437,1,Constantine,Stephanidis,58ab64cb-4629-5b8d-98fe-bc4802df2130
1537,438,1,Constantine,Stephanidis,58ab64cb-4629-5b8d-98fe-bc4802df2130
1538,439,1,Constantine,Stephanidis,58ab64cb-4629-5b8d-98fe-bc4802df2130
1539,440,109,,Alfred Kobsa,16fffd1e-fcc3-503f-b357-40a4b0fcfd96
1540,440,1,Constantine,Stephanidis,58ab64cb-4629-5b8d-98fe-bc4802df2130
1543,442,1,Constantine,Stephanidis,58ab64cb-4629-5b8d-98fe-bc4802df2130
1544,442,2,Demosthenes,Akoumianakis,f6068d1e-3e51-5540-8a43-b62a3b23fc45
1545,442,33,Alexis,Paramythis,596d4cdd-5433-5b20-86eb-72f539bc3673
1546,443,1,Constantine,Stephanidis,58ab64cb-4629-5b8d-98fe-bc4802df2130
1547,443,2,Demosthenes,Akoumianakis,f6068d1e-3e51-5540-8a43-b62a3b23fc45
1548,443,33,Alexis,Paramythis,596d4cdd-5433-5b20-86eb-72f539bc3673
1550,449,111,C.,Nikolaou,7e6ca7e1-da64-5931-a4be-f87e0025ff37
1551,449,1,Constantine,Stephanidis,58ab64cb-4629-5b8d-98fe-bc4802df2130
1552,311,75,G.,Salvendy,6f10228e-f5dd-51a0-98e5-e69fd4451207
1553,311,2,Demosthenes,Akoumianakis,f6068d1e-3e51-5540-8a43-b62a3b23fc45
1554,311,112,N.,Bevan,0af87232-e5e1-57a0-95d3-d9c2a1ca4088
1555,311,113,J.,Brewer,aaaee346-2905-5a03-bc4e-ac1d3e1cca4a
1556,311,25,P.L.,Emiliani,316d020d-907b-5d2d-b861-7530f249d704
1557,311,114,A.,Galetsas,aa20b3a2-51d7-5ceb-9beb-b2e55e981ab7
1558,311,99,S.,Haataja,cac2aecf-82bc-5e24-9d1f-7a7f858c2baa
1559,311,115,I.,Iakonidis,51d481bb-8bd4-5318-8a7a-80f8c3b79d20
1560,311,116,J.,Jacko,c843e861-c002-569e-96d9-6b8c057fd159
1561,311,117,P.,Jenkins,1b4a6d6d-8013-5fdf-ad0b-2ea3454cd47f
1562,311,118,A.,Karshmer,3a0afdf9-2218-55d1-afe6-5001fea6673f
1563,311,119,P.,Korn,1316bec4-fee6-5ca7-98f2-6bf699433085
1564,311,120,A.,Marcus,64955b98-170b-57bc-9ed2-db60415aad39
1565,311,121,H.,Murphy,719c9682-1fda-5c01-bf72-8aed4e936a2a
1566,311,79,C.,Stary,4320cd95-a53f-5123-bb12-ec08e7f25f0e
1567,311,122,G.,Vanderheiden,521c2503-6094-50fe-a2ba-9741c6cccddf
1568,311,13,Gerhard,Weber,3ae912ed-641c-5e18-ae79-dce4342d5017
1569,311,77,J.,Ziegler,766e9b8b-5888-5554-8521-89633fb70c07
1570,451,1,Constantine,Stephanidis,58ab64cb-4629-5b8d-98fe-bc4802df2130
1573,453,25,P.L.,Emiliani,316d020d-907b-5d2d-b861-7530f249d704
1574,453,1,Constantine,Stephanidis,58ab64cb-4629-5b8d-98fe-bc4802df2130
1575,454,1,Constantine,Stephanidis,58ab64cb-4629-5b8d-98fe-bc4802df2130
1576,455,1,Constantine,Stephanidis,58ab64cb-4629-5b8d-98fe-bc4802df2130
1577,456,1,Constantine,Stephanidis,58ab64cb-4629-5b8d-98fe-bc4802df2130
1578,456,33,Alexis,Paramythis,596d4cdd-5433-5b20-86eb-72f539bc3673
1579,457,28,Demetrios,Grammenos,470abcd5-f78c-52e7-97ec-5abb62bbf9e0
1580,457,2,Demosthenes,Akoumianakis,f6068d1e-3e51-5540-8a43-b62a3b23fc45
1581,457,33,Alexis,Paramythis,596d4cdd-5433-5b20-86eb-72f539bc3673
1582,457,1,Constantine,Stephanidis,58ab64cb-4629-5b8d-98fe-bc4802df2130
1583,458,1,Constantine,Stephanidis,58ab64cb-4629-5b8d-98fe-bc4802df2130
1584,459,111,C.,Nikolaou,7e6ca7e1-da64-5931-a4be-f87e0025ff37
1585,459,1,Constantine,Stephanidis,58ab64cb-4629-5b8d-98fe-bc4802df2130
1588,461,25,P.L.,Emiliani,316d020d-907b-5d2d-b861-7530f249d704
1589,461,1,Constantine,Stephanidis,58ab64cb-4629-5b8d-98fe-bc4802df2130
1592,463,1,Constantine,Stephanidis,58ab64cb-4629-5b8d-98fe-bc4802df2130
1593,463,33,Alexis,Paramythis,596d4cdd-5433-5b20-86eb-72f539bc3673
1594,463,2,Demosthenes,Akoumianakis,f6068d1e-3e51-5540-8a43-b62a3b23fc45
1595,463,5,Michael,Sfyrakis,ca475e93-f502-5980-96a9-31e882116d7f
1596,464,1,Constantine,Stephanidis,58ab64cb-4629-5b8d-98fe-bc4802df2130
1597,464,2,Demosthenes,Akoumianakis,f6068d1e-3e51-5540-8a43-b62a3b23fc45
1598,464,5,Michael,Sfyrakis,ca475e93-f502-5980-96a9-31e882116d7f
1599,464,33,Alexis,Paramythis,596d4cdd-5433-5b20-86eb-72f539bc3673
1600,466,1,Constantine,Stephanidis,58ab64cb-4629-5b8d-98fe-bc4802df2130
1601,466,2,Demosthenes,Akoumianakis,f6068d1e-3e51-5540-8a43-b62a3b23fc45
1602,466,5,Michael,Sfyrakis,ca475e93-f502-5980-96a9-31e882116d7f
1603,466,33,Alexis,Paramythis,596d4cdd-5433-5b20-86eb-72f539bc3673
1604,465,1,Constantine,Stephanidis,58ab64cb-4629-5b8d-98fe-bc4802df2130
1605,465,118,A.,Karshmer,3a0afdf9-2218-55d1-afe6-5001fea6673f
1606,467,1,Constantine,Stephanidis,58ab64cb-4629-5b8d-98fe-bc4802df2130
1607,467,75,G.,Salvendy,6f10228e-f5dd-51a0-98e5-e69fd4451207
1608,467,2,Demosthenes,Akoumianakis,f6068d1e-3e51-5540-8a43-b62a3b23fc45
1609,467,123,A.,Arnold,65208264-4c51-586e-b704-d86c3bd980df
1610,467,112,N.,Bevan,0af87232-e5e1-57a0-95d3-d9c2a1ca4088
1611,467,124,D.,Dardailler,417a051a-45ae-5970-aa2b-265d08aed25c
1612,467,25,P.L.,Emiliani,316d020d-907b-5d2d-b861-7530f249d704
1613,467,117,P.,Jenkins,1b4a6d6d-8013-5fdf-ad0b-2ea3454cd47f
1614,467,118,A.,Karshmer,3a0afdf9-2218-55d1-afe6-5001fea6673f
1615,467,119,P.,Korn,1316bec4-fee6-5ca7-98f2-6bf699433085
1616,467,120,A.,Marcus,64955b98-170b-57bc-9ed2-db60415aad39
1617,467,121,H.,Murphy,719c9682-1fda-5c01-bf72-8aed4e936a2a
1618,467,125,C.,Oppermann,93525f58-0482-5fe9-9d36-5ec70db236ca
1619,467,79,C.,Stary,4320cd95-a53f-5123-bb12-ec08e7f25f0e
1620,467,126,H.,Tamura ,df89a1ff-95f6-5e15-96c4-4e81ff2f535c
1621,467,127,M.,Tscheligi,40f47022-cfc1-57a5-bb7c-70ad073e6886
1622,467,128,H.,Ueda,6c99387b-d63c-5269-a836-6a4f987fc043
1623,467,13,Gerhard,Weber,3ae912ed-641c-5e18-ae79-dce4342d5017
1624,467,77,J.,Ziegler,766e9b8b-5888-5554-8521-89633fb70c07
1625,478,1,Constantine,Stephanidis,58ab64cb-4629-5b8d-98fe-bc4802df2130
1626,479,1,Constantine,Stephanidis,58ab64cb-4629-5b8d-98fe-bc4802df2130
1627,479,129,A.,Waern,7a4b1b33-f8f2-5a98-b280-c652749d51e6
1628,480,1,Constantine,Stephanidis,58ab64cb-4629-5b8d-98fe-bc4802df2130
1629,480,129,A.,Waern,7a4b1b33-f8f2-5a98-b280-c652749d51e6
1630,481,1,Constantine,Stephanidis,58ab64cb-4629-5b8d-98fe-bc4802df2130
1633,483,1,Constantine,Stephanidis,58ab64cb-4629-5b8d-98fe-bc4802df2130
1634,484,1,Constantine,Stephanidis,58ab64cb-4629-5b8d-98fe-bc4802df2130
1635,484,75,G.,Salvendy,6f10228e-f5dd-51a0-98e5-e69fd4451207
1636,484,2,Demosthenes,Akoumianakis,f6068d1e-3e51-5540-8a43-b62a3b23fc45
1637,484,123,A.,Arnold,65208264-4c51-586e-b704-d86c3bd980df
1638,484,112,N.,Bevan,0af87232-e5e1-57a0-95d3-d9c2a1ca4088
1639,484,124,D.,Dardailler,417a051a-45ae-5970-aa2b-265d08aed25c
1640,484,25,P.L.,Emiliani,316d020d-907b-5d2d-b861-7530f249d704
1641,484,115,I.,Iakonidis,51d481bb-8bd4-5318-8a7a-80f8c3b79d20
1642,484,117,P.,Jenkins,1b4a6d6d-8013-5fdf-ad0b-2ea3454cd47f
1643,484,118,A.,Karshmer,3a0afdf9-2218-55d1-afe6-5001fea6673f
1644,484,119,P.,Korn,1316bec4-fee6-5ca7-98f2-6bf699433085
1645,484,120,A.,Marcus,64955b98-170b-57bc-9ed2-db60415aad39
1646,484,121,H.,Murphy,719c9682-1fda-5c01-bf72-8aed4e936a2a
1647,484,125,C.,Oppermann,93525f58-0482-5fe9-9d36-5ec70db236ca
1648,484,79,C.,Stary,4320cd95-a53f-5123-bb12-ec08e7f25f0e
1649,484,126,H.,Tamura ,df89a1ff-95f6-5e15-96c4-4e81ff2f535c
1650,484,127,M.,Tscheligi,40f47022-cfc1-57a5-bb7c-70ad073e6886
1651,484,128,H.,Ueda,6c99387b-d63c-5269-a836-6a4f987fc043
1652,484,13,Gerhard,Weber,3ae912ed-641c-5e18-ae79-dce4342d5017
1653,484,77,J.,Ziegler,766e9b8b-5888-5554-8521-89633fb70c07
1654,485,1,Constantine,Stephanidis,58ab64cb-4629-5b8d-98fe-bc4802df2130
1655,485,2,Demosthenes,Akoumianakis,f6068d1e-3e51-5540-8a43-b62a3b23fc45
1656,486,1,Constantine,Stephanidis,58ab64cb-4629-5b8d-98fe-bc4802df2130
1657,486,2,Demosthenes,Akoumianakis,f6068d1e-3e51-5540-8a43-b62a3b23fc45
1658,487,1,Constantine,Stephanidis,58ab64cb-4629-5b8d-98fe-bc4802df2130
1659,487,25,P.L.,Emiliani,316d020d-907b-5d2d-b861-7530f249d704
1664,489,1,Constantine,Stephanidis,58ab64cb-4629-5b8d-98fe-bc4802df2130
1665,491,1,Constantine,Stephanidis,58ab64cb-4629-5b8d-98fe-bc4802df2130
1667,493,1,Constantine,Stephanidis,58ab64cb-4629-5b8d-98fe-bc4802df2130
1668,494,1,Constantine,Stephanidis,58ab64cb-4629-5b8d-98fe-bc4802df2130
1669,495,1,Constantine,Stephanidis,58ab64cb-4629-5b8d-98fe-bc4802df2130
1670,496,1,Constantine,Stephanidis,58ab64cb-4629-5b8d-98fe-bc4802df2130
1671,496,130,P.,Hansen,630af5e4-88ec-5b71-8acc-2a19b9345e56
1672,490,1,Constantine,Stephanidis,58ab64cb-4629-5b8d-98fe-bc4802df2130
1673,490,2,Demosthenes,Akoumianakis,f6068d1e-3e51-5540-8a43-b62a3b23fc45
1674,497,1,Constantine,Stephanidis,58ab64cb-4629-5b8d-98fe-bc4802df2130
1675,497,2,Demosthenes,Akoumianakis,f6068d1e-3e51-5540-8a43-b62a3b23fc45
1676,497,33,Alexis,Paramythis,596d4cdd-5433-5b20-86eb-72f539bc3673
1677,498,1,Constantine,Stephanidis,58ab64cb-4629-5b8d-98fe-bc4802df2130
1681,500,2,Demosthenes,Akoumianakis,f6068d1e-3e51-5540-8a43-b62a3b23fc45
1682,500,3,Anthony,Savidis,1ae1ee28-7d5e-53af-b226-78cdc6526427
1683,500,1,Constantine,Stephanidis,58ab64cb-4629-5b8d-98fe-bc4802df2130
1684,501,5,Michael,Sfyrakis,ca475e93-f502-5980-96a9-31e882116d7f
1685,501,2,Demosthenes,Akoumianakis,f6068d1e-3e51-5540-8a43-b62a3b23fc45
1686,501,33,Alexis,Paramythis,596d4cdd-5433-5b20-86eb-72f539bc3673
1687,501,1,Constantine,Stephanidis,58ab64cb-4629-5b8d-98fe-bc4802df2130
1688,502,33,Alexis,Paramythis,596d4cdd-5433-5b20-86eb-72f539bc3673
1689,502,5,Michael,Sfyrakis,ca475e93-f502-5980-96a9-31e882116d7f
1690,502,3,Anthony,Savidis,1ae1ee28-7d5e-53af-b226-78cdc6526427
1691,502,1,Constantine,Stephanidis,58ab64cb-4629-5b8d-98fe-bc4802df2130
1692,503,33,Alexis,Paramythis,596d4cdd-5433-5b20-86eb-72f539bc3673
1693,503,5,Michael,Sfyrakis,ca475e93-f502-5980-96a9-31e882116d7f
1694,503,3,Anthony,Savidis,1ae1ee28-7d5e-53af-b226-78cdc6526427
1695,503,1,Constantine,Stephanidis,58ab64cb-4629-5b8d-98fe-bc4802df2130
1696,504,7,Margherita,Antona,583922dc-cbd2-50e0-ba2d-488830df4218
1697,504,2,Demosthenes,Akoumianakis,f6068d1e-3e51-5540-8a43-b62a3b23fc45
1698,505,1,Constantine,Stephanidis,58ab64cb-4629-5b8d-98fe-bc4802df2130
1699,505,28,Demetrios,Grammenos,470abcd5-f78c-52e7-97ec-5abb62bbf9e0
1700,505,2,Demosthenes,Akoumianakis,f6068d1e-3e51-5540-8a43-b62a3b23fc45
1701,506,1,Constantine,Stephanidis,58ab64cb-4629-5b8d-98fe-bc4802df2130
1702,507,1,Constantine,Stephanidis,58ab64cb-4629-5b8d-98fe-bc4802df2130
1703,507,2,Demosthenes,Akoumianakis,f6068d1e-3e51-5540-8a43-b62a3b23fc45
1704,507,33,Alexis,Paramythis,596d4cdd-5433-5b20-86eb-72f539bc3673
1705,508,131,P.,Charlier,904b978c-a0bf-57f0-8c5f-2e82c73d2e7c
1706,508,132,A.,Delvaux,2f7a1499-79c7-5c4f-af83-cbaff0107b4c
1707,508,133,J.H.,Devlies,1c6d0975-5143-5737-bbfb-9faa10adeecc
1708,508,134,H.,Eriksson,fa71dffe-f6c7-5333-ad06-fb5bdfc0e269
1709,508,135,F.,Gremy,c27fe761-0e05-54e6-8805-591a559f2078
1710,508,136,J.,Hickey,7359cd69-85f0-575e-9435-4157d34c037f
1711,508,137,P.,Micossi,ab6b694b-3b7f-5350-b343-f877bd86fe36
1712,508,138,J.L.,Monteagudo,63ed6b1e-2e1d-5bd4-82ef-6ac38764a8a7
1713,508,139,N.,Rossing,f25e391d-4bf1-5910-a8ef-83b70ae06db6
1714,508,140,G.,Sanderson,cc418342-e2c9-551b-bf6d-7290609fec80
1715,508,141,I.,Sannes,0cb3a7f4-6988-5b3e-ae78-6a7bde156fc0
1716,508,142,K.,Smedema,3f2c1e7c-dd28-5dfd-808d-29f6709ff84f
1717,508,1,Constantine,Stephanidis,58ab64cb-4629-5b8d-98fe-bc4802df2130
1718,508,143,M.,Tolppanen,36ccc5fa-f141-5932-8e9a-ee2b95cfcc83
1719,508,144,J.H.,Van Bemmel,301e2579-04cf-54a3-82af-79a13c1ec0b6
1720,508,145,W.,Van Eimeren,2e9b8c0c-130a-57a4-b2e7-a89f4239574d
1721,508,146,K.,Voge,5139b34e-1e2a-5ecb-b322-ec1627a1d2bf
1722,508,147,J-C.,Healy,44f70ca5-98f9-5f8f-a955-bb03ac7db9f8
1723,508,148,P.,Karp,f3150e0c-5700-5c12-bbcd-28a7076b35fb
1724,508,149,J.,Lacompe,29386da2-8c2a-51d6-8b24-b84396924528
1725,508,150,P.,Atkinson,78a5ab6b-f8f8-5eb2-9507-174eaa0f1c80
1726,508,151,L.,Martinelli,b2b0da1f-fa52-5ce0-9c37-3d2e8612688f
1727,508,152,S.S.,Baig,d65a4ceb-975e-5fab-a8ea-b95990ff56f3
1728,509,1,Constantine,Stephanidis,58ab64cb-4629-5b8d-98fe-bc4802df2130
1731,511,1,Constantine,Stephanidis,58ab64cb-4629-5b8d-98fe-bc4802df2130
1732,511,2,Demosthenes,Akoumianakis,f6068d1e-3e51-5540-8a43-b62a3b23fc45
1733,511,3,Anthony,Savidis,1ae1ee28-7d5e-53af-b226-78cdc6526427
1736,513,1,Constantine,Stephanidis,58ab64cb-4629-5b8d-98fe-bc4802df2130
1737,513,75,G.,Salvendy,6f10228e-f5dd-51a0-98e5-e69fd4451207
1738,513,25,P.L.,Emiliani,316d020d-907b-5d2d-b861-7530f249d704
1739,513,2,Demosthenes,Akoumianakis,f6068d1e-3e51-5540-8a43-b62a3b23fc45
1740,514,1,Constantine,Stephanidis,58ab64cb-4629-5b8d-98fe-bc4802df2130
1741,514,28,Demetrios,Grammenos,470abcd5-f78c-52e7-97ec-5abb62bbf9e0
1742,514,2,Demosthenes,Akoumianakis,f6068d1e-3e51-5540-8a43-b62a3b23fc45
1743,515,1,Constantine,Stephanidis,58ab64cb-4629-5b8d-98fe-bc4802df2130
1744,451,25,P.L.,Emiliani,316d020d-907b-5d2d-b861-7530f249d704
1745,21,1,Constantine,Stephanidis,58ab64cb-4629-5b8d-98fe-bc4802df2130
1746,21,2,Demosthenes,Akoumianakis,f6068d1e-3e51-5540-8a43-b62a3b23fc45
1747,21,33,Alexis,Paramythis,596d4cdd-5433-5b20-86eb-72f539bc3673
1748,21,111,C.,Nikolaou,7e6ca7e1-da64-5931-a4be-f87e0025ff37
1749,504,1,Constantine,Stephanidis,58ab64cb-4629-5b8d-98fe-bc4802df2130
1750,516,1,Constantine,Stephanidis,58ab64cb-4629-5b8d-98fe-bc4802df2130
1751,516,2,Demosthenes,Akoumianakis,f6068d1e-3e51-5540-8a43-b62a3b23fc45
1752,516,33,Alexis,Paramythis,596d4cdd-5433-5b20-86eb-72f539bc3673
1753,516,111,C.,Nikolaou,7e6ca7e1-da64-5931-a4be-f87e0025ff37
1754,517,1,Constantine,Stephanidis,58ab64cb-4629-5b8d-98fe-bc4802df2130
1755,517,2,Demosthenes,Akoumianakis,f6068d1e-3e51-5540-8a43-b62a3b23fc45
1756,517,5,Michael,Sfyrakis,ca475e93-f502-5980-96a9-31e882116d7f
1757,517,153,Harald,Weber,1fa2748b-0592-5c6a-a13f-6fe06cca75d7
1758,517,33,Alexis,Paramythis,596d4cdd-5433-5b20-86eb-72f539bc3673
1759,517,25,P.L.,Emiliani,316d020d-907b-5d2d-b861-7530f249d704
1760,518,1,Constantine,Stephanidis,58ab64cb-4629-5b8d-98fe-bc4802df2130
1761,518,2,Demosthenes,Akoumianakis,f6068d1e-3e51-5540-8a43-b62a3b23fc45
1762,518,5,Michael,Sfyrakis,ca475e93-f502-5980-96a9-31e882116d7f
1763,518,153,Harald,Weber,1fa2748b-0592-5c6a-a13f-6fe06cca75d7
1764,518,33,Alexis,Paramythis,596d4cdd-5433-5b20-86eb-72f539bc3673
1765,518,25,P.L.,Emiliani,316d020d-907b-5d2d-b861-7530f249d704
1766,519,1,Constantine,Stephanidis,58ab64cb-4629-5b8d-98fe-bc4802df2130
1767,519,2,Demosthenes,Akoumianakis,f6068d1e-3e51-5540-8a43-b62a3b23fc45
1768,519,5,Michael,Sfyrakis,ca475e93-f502-5980-96a9-31e882116d7f
1769,519,80,N.,Vidakis,e4b278b7-061a-5369-9e82-679364d1e251
1770,519,70,Napoleon,Maou,5b799e33-d58b-5ef7-ba1a-17a2735fda9d
1771,520,25,P.L.,Emiliani,316d020d-907b-5d2d-b861-7530f249d704
1772,520,1,Constantine,Stephanidis,58ab64cb-4629-5b8d-98fe-bc4802df2130
1773,521,2,Demosthenes,Akoumianakis,f6068d1e-3e51-5540-8a43-b62a3b23fc45
1774,521,1,Constantine,Stephanidis,58ab64cb-4629-5b8d-98fe-bc4802df2130
1775,244,111,C.,Nikolaou,7e6ca7e1-da64-5931-a4be-f87e0025ff37
1776,120,3,Anthony,Savidis,1ae1ee28-7d5e-53af-b226-78cdc6526427
1777,120,11,Gregory,Homatas,6548dfe6-6f2d-53c1-8746-0eff646256cd
1778,120,12,Natassa,Spyridou,a875dbf2-903e-5d05-ba77-1a3abfe3603d
1779,120,5,Michael,Sfyrakis,ca475e93-f502-5980-96a9-31e882116d7f
1780,120,13,Gerhard,Weber,3ae912ed-641c-5e18-ae79-dce4342d5017
1782,310,1,Constantine,Stephanidis,58ab64cb-4629-5b8d-98fe-bc4802df2130
1783,194,1,Constantine,Stephanidis,58ab64cb-4629-5b8d-98fe-bc4802df2130
1784,523,1,Constantine,Stephanidis,58ab64cb-4629-5b8d-98fe-bc4802df2130
1785,523,2,Demosthenes,Akoumianakis,f6068d1e-3e51-5540-8a43-b62a3b23fc45
1786,524,1,Constantine,Stephanidis,58ab64cb-4629-5b8d-98fe-bc4802df2130
1787,524,33,Alexis,Paramythis,596d4cdd-5433-5b20-86eb-72f539bc3673
1788,524,5,Michael,Sfyrakis,ca475e93-f502-5980-96a9-31e882116d7f
1789,525,1,Constantine,Stephanidis,58ab64cb-4629-5b8d-98fe-bc4802df2130
1790,526,1,Constantine,Stephanidis,58ab64cb-4629-5b8d-98fe-bc4802df2130
1791,527,109,,Alfred Kobsa,16fffd1e-fcc3-503f-b357-40a4b0fcfd96
1792,527,1,Constantine,Stephanidis,58ab64cb-4629-5b8d-98fe-bc4802df2130
1793,528,109,,Alfred Kobsa,16fffd1e-fcc3-503f-b357-40a4b0fcfd96
1794,528,1,Constantine,Stephanidis,58ab64cb-4629-5b8d-98fe-bc4802df2130
1795,529,1,Constantine,Stephanidis,58ab64cb-4629-5b8d-98fe-bc4802df2130
1796,530,1,Constantine,Stephanidis,58ab64cb-4629-5b8d-98fe-bc4802df2130
1797,531,1,Constantine,Stephanidis,58ab64cb-4629-5b8d-98fe-bc4802df2130
1798,531,2,Demosthenes,Akoumianakis,f6068d1e-3e51-5540-8a43-b62a3b23fc45
1799,532,2,Demosthenes,Akoumianakis,f6068d1e-3e51-5540-8a43-b62a3b23fc45
1800,532,1,Constantine,Stephanidis,58ab64cb-4629-5b8d-98fe-bc4802df2130
1801,533,1,Constantine,Stephanidis,58ab64cb-4629-5b8d-98fe-bc4802df2130
1802,534,1,Constantine,Stephanidis,58ab64cb-4629-5b8d-98fe-bc4802df2130
1803,535,25,P.L.,Emiliani,316d020d-907b-5d2d-b861-7530f249d704
1804,536,1,Constantine,Stephanidis,58ab64cb-4629-5b8d-98fe-bc4802df2130
1805,537,28,Demetrios,Grammenos,470abcd5-f78c-52e7-97ec-5abb62bbf9e0
1806,537,33,Alexis,Paramythis,596d4cdd-5433-5b20-86eb-72f539bc3673
1807,537,1,Constantine,Stephanidis,58ab64cb-4629-5b8d-98fe-bc4802df2130
1808,538,1,Constantine,Stephanidis,58ab64cb-4629-5b8d-98fe-bc4802df2130
1809,538,25,P.L.,Emiliani,316d020d-907b-5d2d-b861-7530f249d704
1810,539,1,Constantine,Stephanidis,58ab64cb-4629-5b8d-98fe-bc4802df2130
1811,540,1,Constantine,Stephanidis,58ab64cb-4629-5b8d-98fe-bc4802df2130
1812,541,1,Constantine,Stephanidis,58ab64cb-4629-5b8d-98fe-bc4802df2130
1813,541,109,,Alfred Kobsa,16fffd1e-fcc3-503f-b357-40a4b0fcfd96
1814,541,154,M.,Pieper,5731e49b-a1a1-5e7e-b60a-84c690879bba
1815,542,1,Constantine,Stephanidis,58ab64cb-4629-5b8d-98fe-bc4802df2130
1816,543,1,Constantine,Stephanidis,58ab64cb-4629-5b8d-98fe-bc4802df2130
1817,545,1,Constantine,Stephanidis,58ab64cb-4629-5b8d-98fe-bc4802df2130
1818,546,1,Constantine,Stephanidis,58ab64cb-4629-5b8d-98fe-bc4802df2130
1819,547,1,Constantine,Stephanidis,58ab64cb-4629-5b8d-98fe-bc4802df2130
1820,548,1,Constantine,Stephanidis,58ab64cb-4629-5b8d-98fe-bc4802df2130
1821,548,75,G.,Salvendy,6f10228e-f5dd-51a0-98e5-e69fd4451207
1822,548,2,Demosthenes,Akoumianakis,f6068d1e-3e51-5540-8a43-b62a3b23fc45
1823,548,155,A.,Nabil,0cfa3429-ff10-5a49-bdf2-2f3083a206d5
1824,548,123,A.,Arnold,65208264-4c51-586e-b704-d86c3bd980df
1825,548,112,N.,Bevan,0af87232-e5e1-57a0-95d3-d9c2a1ca4088
1826,548,108,Noelle,Carbonell,3171f6df-0d4f-5613-b58d-31e18f02d724
1827,548,156,M.F.,Costabile,c9db5f4f-22b6-56d2-ad6f-b85109dfe81e
1828,548,157,H.,Doare ,468044c8-8b1a-5ed4-b116-88053e18f01a
1829,548,25,P.L.,Emiliani,316d020d-907b-5d2d-b861-7530f249d704
1830,548,158,V.,Frank,cb6bedd9-d44a-51ee-867e-ac476c08a904
1831,548,99,S.,Haataja,cac2aecf-82bc-5e24-9d1f-7a7f858c2baa
1832,548,115,I.,Iakonidis,51d481bb-8bd4-5318-8a7a-80f8c3b79d20
1833,548,116,J.,Jacko,c843e861-c002-569e-96d9-6b8c057fd159
1834,548,56,G.,Jansson,0b8c525d-f713-5733-9216-10ca93926aff
1835,548,109,,Alfred Kobsa,16fffd1e-fcc3-503f-b357-40a4b0fcfd96
1836,548,46,D.,Majoe,ce41d3b0-c6c0-5f38-9a85-3ec9ac1fd158
1837,548,159,G.,De Moor,8b7d35c1-bcc9-50c7-8ff4-134c381ebf1d
1838,548,121,H.,Murphy,719c9682-1fda-5c01-bf72-8aed4e936a2a
1839,548,111,C.,Nikolaou,7e6ca7e1-da64-5931-a4be-f87e0025ff37
1840,548,154,M.,Pieper,5731e49b-a1a1-5e7e-b60a-84c690879bba
1841,548,79,C.,Stary,4320cd95-a53f-5123-bb12-ec08e7f25f0e
1842,548,160,M.F.,Story,f7a4afe0-3308-5f11-a0c9-5fbf1089810b
1843,548,128,H.,Ueda,6c99387b-d63c-5269-a836-6a4f987fc043
1844,548,161,G.,Vanderdonckt,a4dc61e8-4f06-5e06-9f0a-39a17958d2ad
1845,548,13,Gerhard,Weber,3ae912ed-641c-5e18-ae79-dce4342d5017
1846,548,77,J.,Ziegler,766e9b8b-5888-5554-8521-89633fb70c07
1848,549,28,Demetrios,Grammenos,470abcd5-f78c-52e7-97ec-5abb62bbf9e0
1849,549,2,Demosthenes,Akoumianakis,f6068d1e-3e51-5540-8a43-b62a3b23fc45
1850,549,1,Constantine,Stephanidis,58ab64cb-4629-5b8d-98fe-bc4802df2130
1851,143,1,Constantine,Stephanidis,58ab64cb-4629-5b8d-98fe-bc4802df2130
1852,143,1,Constantine,Stephanidis,58ab64cb-4629-5b8d-98fe-bc4802df2130
1853,143,1,Constantine,Stephanidis,58ab64cb-4629-5b8d-98fe-bc4802df2130
1854,555,1,Constantine,Stephanidis,58ab64cb-4629-5b8d-98fe-bc4802df2130
1855,556,1,Constantine,Stephanidis,58ab64cb-4629-5b8d-98fe-bc4802df2130
1856,558,1,Constantine,Stephanidis,58ab64cb-4629-5b8d-98fe-bc4802df2130
1857,558,25,P.L.,Emiliani,316d020d-907b-5d2d-b861-7530f249d704
1858,559,1,Constantine,Stephanidis,58ab64cb-4629-5b8d-98fe-bc4802df2130
1859,560,1,Constantine,Stephanidis,58ab64cb-4629-5b8d-98fe-bc4802df2130
1860,561,25,P.L.,Emiliani,316d020d-907b-5d2d-b861-7530f249d704
1861,561,1,Constantine,Stephanidis,58ab64cb-4629-5b8d-98fe-bc4802df2130
1862,563,1,Constantine,Stephanidis,58ab64cb-4629-5b8d-98fe-bc4802df2130
1863,563,3,Anthony,Savidis,1ae1ee28-7d5e-53af-b226-78cdc6526427
1864,563,2,Demosthenes,Akoumianakis,f6068d1e-3e51-5540-8a43-b62a3b23fc45
1865,564,7,Margherita,Antona,583922dc-cbd2-50e0-ba2d-488830df4218
1866,564,1,Constantine,Stephanidis,58ab64cb-4629-5b8d-98fe-bc4802df2130
1867,535,1,Constantine,Stephanidis,58ab64cb-4629-5b8d-98fe-bc4802df2130
1868,565,1,Constantine,Stephanidis,58ab64cb-4629-5b8d-98fe-bc4802df2130
1869,566,1,Constantine,Stephanidis,58ab64cb-4629-5b8d-98fe-bc4802df2130
1870,567,25,P.L.,Emiliani,316d020d-907b-5d2d-b861-7530f249d704
1871,567,1,Constantine,Stephanidis,58ab64cb-4629-5b8d-98fe-bc4802df2130
1872,568,1,Constantine,Stephanidis,58ab64cb-4629-5b8d-98fe-bc4802df2130
1873,569,1,Constantine,Stephanidis,58ab64cb-4629-5b8d-98fe-bc4802df2130
1874,570,1,Constantine,Stephanidis,58ab64cb-4629-5b8d-98fe-bc4802df2130
1875,571,1,Constantine,Stephanidis,58ab64cb-4629-5b8d-98fe-bc4802df2130
1876,571,3,Anthony,Savidis,1ae1ee28-7d5e-53af-b226-78cdc6526427
1877,571,2,Demosthenes,Akoumianakis,f6068d1e-3e51-5540-8a43-b62a3b23fc45
1878,572,1,Constantine,Stephanidis,58ab64cb-4629-5b8d-98fe-bc4802df2130
1879,573,1,Constantine,Stephanidis,58ab64cb-4629-5b8d-98fe-bc4802df2130
1880,574,1,Constantine,Stephanidis,58ab64cb-4629-5b8d-98fe-bc4802df2130
1881,574,153,Harald,Weber,1fa2748b-0592-5c6a-a13f-6fe06cca75d7
1882,575,7,Margherita,Antona,583922dc-cbd2-50e0-ba2d-488830df4218
1883,575,1,Constantine,Stephanidis,58ab64cb-4629-5b8d-98fe-bc4802df2130
1884,576,1,Constantine,Stephanidis,58ab64cb-4629-5b8d-98fe-bc4802df2130
1885,576,7,Margherita,Antona,583922dc-cbd2-50e0-ba2d-488830df4218
1886,577,1,Constantine,Stephanidis,58ab64cb-4629-5b8d-98fe-bc4802df2130
1887,577,2,Demosthenes,Akoumianakis,f6068d1e-3e51-5540-8a43-b62a3b23fc45
1888,577,5,Michael,Sfyrakis,ca475e93-f502-5980-96a9-31e882116d7f
1889,577,153,Harald,Weber,1fa2748b-0592-5c6a-a13f-6fe06cca75d7
1890,577,33,Alexis,Paramythis,596d4cdd-5433-5b20-86eb-72f539bc3673
1891,577,25,P.L.,Emiliani,316d020d-907b-5d2d-b861-7530f249d704
1892,578,7,Margherita,Antona,583922dc-cbd2-50e0-ba2d-488830df4218
1893,578,5,Michael,Sfyrakis,ca475e93-f502-5980-96a9-31e882116d7f
1894,578,1,Constantine,Stephanidis,58ab64cb-4629-5b8d-98fe-bc4802df2130
1895,579,1,Constantine,Stephanidis,58ab64cb-4629-5b8d-98fe-bc4802df2130
1896,579,2,Demosthenes,Akoumianakis,f6068d1e-3e51-5540-8a43-b62a3b23fc45
1897,579,162,W.,Dierckx,865bef54-cdf2-5af6-a6c2-741511b8db49
1898,579,159,G.,De Moor,8b7d35c1-bcc9-50c7-8ff4-134c381ebf1d
1899,579,108,Noelle,Carbonell,3171f6df-0d4f-5613-b58d-31e18f02d724
1900,579,25,P.L.,Emiliani,316d020d-907b-5d2d-b861-7530f249d704
1901,579,154,M.,Pieper,5731e49b-a1a1-5e7e-b60a-84c690879bba
1902,579,157,H.,Doare ,468044c8-8b1a-5ed4-b116-88053e18f01a
1903,579,77,J.,Ziegler,766e9b8b-5888-5554-8521-89633fb70c07
1904,579,153,Harald,Weber,1fa2748b-0592-5c6a-a13f-6fe06cca75d7
1905,579,163,L.,Karefylaki ,9b9065fc-6f80-5c56-96df-318772b4c25c
1906,580,7,Margherita,Antona,583922dc-cbd2-50e0-ba2d-488830df4218
1907,580,3,Anthony,Savidis,1ae1ee28-7d5e-53af-b226-78cdc6526427
1908,580,164,Zacharias,Protogeros,3f56227d-1cfb-5884-a237-b04481fc63e8
1909,580,1,Constantine,Stephanidis,58ab64cb-4629-5b8d-98fe-bc4802df2130
1913,582,1,Constantine,Stephanidis,58ab64cb-4629-5b8d-98fe-bc4802df2130
1914,582,2,Demosthenes,Akoumianakis,f6068d1e-3e51-5540-8a43-b62a3b23fc45
1915,582,108,Noelle,Carbonell,3171f6df-0d4f-5613-b58d-31e18f02d724
1916,582,25,P.L.,Emiliani,316d020d-907b-5d2d-b861-7530f249d704
1917,582,154,M.,Pieper,5731e49b-a1a1-5e7e-b60a-84c690879bba
1918,582,157,H.,Doare ,468044c8-8b1a-5ed4-b116-88053e18f01a
1919,582,77,J.,Ziegler,766e9b8b-5888-5554-8521-89633fb70c07
1920,582,162,W.,Dierckx,865bef54-cdf2-5af6-a6c2-741511b8db49
1921,582,159,G.,De Moor,8b7d35c1-bcc9-50c7-8ff4-134c381ebf1d
1922,582,153,Harald,Weber,1fa2748b-0592-5c6a-a13f-6fe06cca75d7
1923,582,163,L.,Karefylaki ,9b9065fc-6f80-5c56-96df-318772b4c25c
1924,583,1,Constantine,Stephanidis,58ab64cb-4629-5b8d-98fe-bc4802df2130
1925,583,2,Demosthenes,Akoumianakis,f6068d1e-3e51-5540-8a43-b62a3b23fc45
1926,583,154,M.,Pieper,5731e49b-a1a1-5e7e-b60a-84c690879bba
1927,584,1,Constantine,Stephanidis,58ab64cb-4629-5b8d-98fe-bc4802df2130
1928,584,108,Noelle,Carbonell,3171f6df-0d4f-5613-b58d-31e18f02d724
1929,584,25,P.L.,Emiliani,316d020d-907b-5d2d-b861-7530f249d704
1930,584,154,M.,Pieper,5731e49b-a1a1-5e7e-b60a-84c690879bba
1931,584,157,H.,Doare ,468044c8-8b1a-5ed4-b116-88053e18f01a
1932,584,77,J.,Ziegler,766e9b8b-5888-5554-8521-89633fb70c07
1933,584,162,W.,Dierckx,865bef54-cdf2-5af6-a6c2-741511b8db49
1934,584,159,G.,De Moor,8b7d35c1-bcc9-50c7-8ff4-134c381ebf1d
1935,584,2,Demosthenes,Akoumianakis,f6068d1e-3e51-5540-8a43-b62a3b23fc45
1936,584,153,Harald,Weber,1fa2748b-0592-5c6a-a13f-6fe06cca75d7
1937,584,163,L.,Karefylaki ,9b9065fc-6f80-5c56-96df-318772b4c25c
1938,585,33,Alexis,Paramythis,596d4cdd-5433-5b20-86eb-72f539bc3673
1939,585,153,Harald,Weber,1fa2748b-0592-5c6a-a13f-6fe06cca75d7
1940,585,166,Frank,Leidermann,09f94686-78a4-5d4c-868a-64be14c96b79
1941,586,1,Constantine,Stephanidis,58ab64cb-4629-5b8d-98fe-bc4802df2130
1942,587,1,Constantine,Stephanidis,58ab64cb-4629-5b8d-98fe-bc4802df2130
1943,588,1,Constantine,Stephanidis,58ab64cb-4629-5b8d-98fe-bc4802df2130
1944,589,1,Constantine,Stephanidis,58ab64cb-4629-5b8d-98fe-bc4802df2130
1945,590,1,Constantine,Stephanidis,58ab64cb-4629-5b8d-98fe-bc4802df2130
1946,590,7,Margherita,Antona,583922dc-cbd2-50e0-ba2d-488830df4218
1947,590,70,Napoleon,Maou,5b799e33-d58b-5ef7-ba1a-17a2735fda9d
1948,591,1,Constantine,Stephanidis,58ab64cb-4629-5b8d-98fe-bc4802df2130
1949,591,7,Margherita,Antona,583922dc-cbd2-50e0-ba2d-488830df4218
1950,591,70,Napoleon,Maou,5b799e33-d58b-5ef7-ba1a-17a2735fda9d
1951,,1,Constantine,Stephanidis,58ab64cb-4629-5b8d-98fe-bc4802df2130
1952,592,7,Margherita,Antona,583922dc-cbd2-50e0-ba2d-488830df4218
1953,592,70,Napoleon,Maou,5b799e33-d58b-5ef7-ba1a-17a2735fda9d
1955,594,3,Anthony,Savidis,1ae1ee28-7d5e-53af-b226-78cdc6526427
1956,594,1,Constantine,Stephanidis,58ab64cb-4629-5b8d-98fe-bc4802df2130
1957,595,7,Margherita,Antona,583922dc-cbd2-50e0-ba2d-488830df4218
1958,595,3,Anthony,Savidis,1ae1ee28-7d5e-53af-b226-78cdc6526427
1959,595,1,Constantine,Stephanidis,58ab64cb-4629-5b8d-98fe-bc4802df2130
1960,596,3,Anthony,Savidis,1ae1ee28-7d5e-53af-b226-78cdc6526427
1961,596,1,Constantine,Stephanidis,58ab64cb-4629-5b8d-98fe-bc4802df2130
1962,597,1,Constantine,Stephanidis,58ab64cb-4629-5b8d-98fe-bc4802df2130
1963,597,2,Demosthenes,Akoumianakis,f6068d1e-3e51-5540-8a43-b62a3b23fc45
1964,598,111,C.,Nikolaou,7e6ca7e1-da64-5931-a4be-f87e0025ff37
1965,598,1,Constantine,Stephanidis,58ab64cb-4629-5b8d-98fe-bc4802df2130
